Papeles,ROLLO DE COCINA 2X240 PAÑOS SNOB PAQ,GS. 25.350,https://www.superseis.com.py/images/thumbs/0252060_500.jpeg,27/12/23
Papeles,PAPEL HIGIENICO HOJA DOBLE VIP 24X30M PERSONAL PAQ,GS. 98.500,https://www.superseis.com.py/images/thumbs/0252059_500.jpeg,27/12/23
Papeles,PAPEL HIGIENICO DUAL DOBLE HOJA 8X30MTS,GS. 29.900,https://www.superseis.com.py/images/thumbs/0252058_500.jpeg,27/12/23
Papeles,SERVILLETAS ELITE LUNCH 4 X50UN PACK,GS. 9.400,https://www.superseis.com.py/images/thumbs/0251997_500.jpeg,27/12/23
Papeles,FELPITA MANTELES INDIVIDUALES 70 UNIDADES,GS. 27.000,https://www.superseis.com.py/images/thumbs/0247141_500.png,27/12/23
Papeles,PAPEL D/COC MULTIUSO FELPITA MAXIROLLO 200UN,GS. 12.900,https://www.superseis.com.py/images/thumbs/0247140_500.png,27/12/23
Papeles,ROLLO COCINA DOBLE HOJA 3X30CM CARTABELL,GS. 9.300,https://www.superseis.com.py/images/thumbs/0247137_500.png,27/12/23
Papeles,FELPITA SERVILLETAS INNOVADORAS 40 UNIDADES,GS. 5.500,https://www.superseis.com.py/images/thumbs/0247136_500.png,27/12/23
Papeles,FELPITA KIDS PAPEL HIGIENICO DECORADO 4 ROLLOS DE 30 M,GS. 19.800,https://www.superseis.com.py/images/thumbs/0247135_500.png,27/12/23
Papeles,TOALLA DE PAPEL DOS ROLLOS DE 110 HOJAS C/U SCOTT,GS. 21.800,https://www.superseis.com.py/images/thumbs/0247090_500.jpeg,27/12/23
Papeles,PAÑO REUTILIZABLE DE COCINA SCOTT 58UNID,GS. 18.100,https://www.superseis.com.py/images/thumbs/0247085_500.jpeg,27/12/23
Papeles,PAPEL HIGIENICO 12X60M PERSONAL PAQ,GS. 42.950,https://www.superseis.com.py/images/thumbs/0247056_500.jpeg,27/12/23
Papeles,PAPEL HIGIENICO DOBLE  HOJA ULTRA ELITE DUALETTE  16 UNIDADES,GS. 56.100,https://www.superseis.com.py/images/thumbs/0246773_500.jpeg,27/12/23
Papeles,TOALLAS DE PAPEL 2 UN MAXIM ESPECIALES,GS. 17.450,https://www.superseis.com.py/images/thumbs/0246150_500.jpeg,27/12/23
Papeles,PAPEL HIEG DUETTO VELVET DOBLE HOJA 12UN,GS. 48.550,https://www.superseis.com.py/images/thumbs/0246149_500.jpeg,27/12/23
Papeles,PAPEL HIGIENICO HOJA SIMPLE 1x30MTS DAYO,GS. 1.300,https://www.superseis.com.py/images/thumbs/0245679_500.jpeg,27/12/23
Papeles,ELITE MAXI ROLLO TRIPLE HOJA DOS ROLLOS DE 20 METROS CON 100 HOJAS,GS. 28.400,https://www.superseis.com.py/images/thumbs/0245420_500.jpeg,27/12/23
Papeles,PAPEL HIGIENICO DOBLE HOJA 30M 4UN SCOTT,GS. 17.900,https://www.superseis.com.py/images/thumbs/0245270_500.jpeg,27/12/23
Papeles,PAÑO MULTIUSO SCOTT DURAMAX 7UNID,GS. 12.700,https://www.superseis.com.py/images/thumbs/0240696_500.jpeg,27/12/23
Papeles,SERVILLETA SUPER ABSORBENTE SCOTT 100UNID,GS. 8.300,https://www.superseis.com.py/images/thumbs/0240691_500.jpeg,27/12/23
Papeles,SERVILLETA SUPER ABSORBENTE SCOTT 50UNID,GS. 4.700,https://www.superseis.com.py/images/thumbs/0240690_500.jpeg,27/12/23
Papeles,PAPEL HIGIENICO ESENCIAS ELEGANCE 30M. SCOTT 4UNID,GS. 22.500,https://www.superseis.com.py/images/thumbs/0240651_500.jpeg,27/12/23
Papeles,SERVILLETA DE PAPEL ELITE 2x50UNID,GS. 11.300,https://www.superseis.com.py/images/thumbs/0240062_500.jpeg,27/12/23
Papeles,PAPEL HIGIENICO DOBLE HOJA NEUTRO 30MTS MILI 4 UNID,GS. 14.900,https://www.superseis.com.py/images/thumbs/0239911_500.jpeg,27/12/23
Papeles,PAPEL HIGIENICO 30MTS DUETTO 8UNID,GS. 30.500,https://www.superseis.com.py/images/thumbs/0239909_500.jpeg,27/12/23
Papeles,SERVILLETA UNA HOJA 24X24CM ELITE 200UNID,GS. 22.600,https://www.superseis.com.py/images/thumbs/0239817_500.jpeg,27/12/23
Papeles,SERVILLETA UNA HOJA 30X30CM ELITE 100UNID,GS. 15.750,https://www.superseis.com.py/images/thumbs/0239816_500.jpeg,27/12/23
Tapas para Empanadas,DISCO PARA EMPANADA HOJALDRADA GRANDE 12 UNIDADES QUIERO MAS PAQUETE ,GS. 10.200,https://www.superseis.com.py/images/thumbs/0253086_500.jpeg,27/12/23
Tapas para Empanadas,DISCO PARA EMPANADA DISKIN CHICO,GS. 3.400,https://www.superseis.com.py/images/thumbs/0248825_500.jpeg,27/12/23
Tapas para Empanadas,DISCO PASTA PORA EMPANADA PARA F GRA 12 UNIDADES,GS. 6.200,https://www.superseis.com.py/images/thumbs/0237247_500.jpeg,27/12/23
Tapas para Empanadas,DISCO PASTA PORA EMPANADA PARA F MEDIANO 12 UNIDADES,GS. 4.500,https://www.superseis.com.py/images/thumbs/0237246_500.jpeg,27/12/23
Tapas para Empanadas,DISCO PASTA PORA EMPANADA PARA F CHICO,GS. 3.200,https://www.superseis.com.py/images/thumbs/0237245_500.jpeg,27/12/23
Tapas para Empanadas,DISCO PARA EMPANADA ALBERDIN,GS. 5.550,https://www.superseis.com.py/images/thumbs/0237219_500.jpeg,27/12/23
Tapas para Empanadas,DISCO PARA EMPANADA AL HORNO ALBERDIN CHICO,GS. 8.100,https://www.superseis.com.py/images/thumbs/0210245_500.jpeg,27/12/23
Tapas para Empanadas,DISCO PARA EMPANADA AL HORNO ALBERDIN MEDIANO,GS. 9.950,https://www.superseis.com.py/images/thumbs/0207942_500.jpeg,27/12/23
Tapas para Empanadas,DISCO PARA EMPANADA ALBERDIN,GS. 7.100,https://www.superseis.com.py/images/thumbs/0207887_500.jpeg,27/12/23
Tapas para Empanadas,DISCOS PARA FREIR MEDIANO SUPERSEIS PAQUETE ,GS. 4.250,https://www.superseis.com.py/images/thumbs/0205927_500.jpeg,27/12/23
Tapas para Empanadas,DISCOS PARA HORNEAR EDWARD GRANDE ,GS. 10.700,https://www.superseis.com.py/images/thumbs/0187687_500.jpeg,27/12/23
Tapas para Empanadas,DISCO PARA EMPANADA INTEGRAL MEDIANO 12 UNIDADES EDWARD PAQUETE,GS. 5.600,https://www.superseis.com.py/images/thumbs/0187686_500.jpeg,27/12/23
Tapas para Empanadas,DISCO PARA EMPANADA EDWARD 12 UNIDADES,GS. 3.800,https://www.superseis.com.py/images/thumbs/0187664_500.jpeg,27/12/23
Tapas para Empanadas,DISCO PARA EMPANADA HORNO EDWARD 12 UNIDADES,GS. 8.200,https://www.superseis.com.py/images/thumbs/0187663_500.jpeg,27/12/23
Tapas para Empanadas,DISCO PARA EMPANADA EDWARD 12 UNIDADES GRANDE,GS. 7.200,https://www.superseis.com.py/images/thumbs/0187662_500.jpeg,27/12/23
Tapas para Empanadas,DISCO PARA EMPANADA EDWARD MEDIANO,GS. 5.600,https://www.superseis.com.py/images/thumbs/0187661_500.jpeg,27/12/23
Tapas para Empanadas,DISCO PARA EMPANADA QUIERO MAS BI,GS. 7.100,https://www.superseis.com.py/images/thumbs/0187245_500.jpeg,27/12/23
Tapas para Empanadas,DISCO PARA EMPANADA AL HORNO QUIE,GS. 10.200,https://www.superseis.com.py/images/thumbs/0187243_500.jpeg,27/12/23
Tapas para Empanadas,DISCO PARA EMPANADA QUIERO MAS 12 UNIDADES MEDIANO,GS. 5.400,https://www.superseis.com.py/images/thumbs/0187237_500.jpeg,27/12/23
Tapas para Empanadas,DISCO PARA EMPANADA DISKIN GRANDE,GS. 5.300,https://www.superseis.com.py/images/thumbs/0186743_500.jpeg,27/12/23
Tapas para Empanadas,DISCO PARA EMPANADA DISQUIN,GS. 4.450,https://www.superseis.com.py/images/thumbs/0186728_500.jpeg,27/12/23
Yerba,YERBA MATE DOBLE SABOR SELECTA  500GR. ,GS. 9.900,https://www.superseis.com.py/images/thumbs/0252685_500.jpeg,27/12/23
Yerba,YERBA MATE INTERMEDIA SELECTA 5KG. ,GS. 85.000,https://www.superseis.com.py/images/thumbs/0252684_500.jpeg,27/12/23
Yerba,YERBA MATE INTERMEDIA SELECTA 4KG. ,GS. 68.000,https://www.superseis.com.py/images/thumbs/0252683_500.jpeg,27/12/23
Yerba,YERBA MATE SELECTA MENTA 500GR.,GS. 7.900,https://www.superseis.com.py/images/thumbs/0252681_500.jpeg,27/12/23
Yerba,CAMPESINO YERBA MATE COMPUESTA SABORIZADA MENTA LIMON Y CEDRO 500 GR,GS. 11.500,https://www.superseis.com.py/images/thumbs/0251995_500.jpeg,27/12/23
Yerba,ARCOIRIS YERBA MATE COMPUESTA CON ANIS BOLCO Y MANZANILLA 500 GR,GS. 14.450,https://www.superseis.com.py/images/thumbs/0250640_500.jpeg,27/12/23
Yerba,ARCOIRIS YERBA MATE COMPUESTA CON TE VERDE + SABOR LIMON 250 GR,GS. 7.100,https://www.superseis.com.py/images/thumbs/0250639_500.jpeg,27/12/23
Yerba,LA ALBORADA COCIDO CON LECHE INSTANTANEO DIET 240 GR,GS. 26.950,https://www.superseis.com.py/images/thumbs/0250243_500.jpeg,27/12/23
Yerba,ARCOIRIS YERBA COMPUESTA CON ANIS BOLDO Y MANZANILLA 250 GR,GS. 7.700,https://www.superseis.com.py/images/thumbs/0250197_500.jpeg,27/12/23
Yerba,ARCOIRIS YERBA COMPUESTA CON HIERBAS MENTA + BOLDO 250 GR,GS. 6.700,https://www.superseis.com.py/images/thumbs/0250196_500.jpeg,27/12/23
Yerba,MATE COCIDO TRADIC KURUPI S/AZUCAR 10UN CJA,GS. 2.900,https://www.superseis.com.py/images/thumbs/0250172_500.jpeg,27/12/23
Yerba,YERBA LATA KURUPI EDICION LIMITADA MENTA Y BOLDO 500GR,GS. 44.000,https://www.superseis.com.py/images/thumbs/0250171_500.jpeg,27/12/23
Yerba,YERBA MATE MENTA Y BOLDO 250GR CHE RA A CJA,GS. 6.500,https://www.superseis.com.py/images/thumbs/0250131_500.jpeg,27/12/23
Yerba,SELECTA YERBA MATE PREMIUM 500 GR,GS. 10.700,https://www.superseis.com.py/images/thumbs/0249382_500.jpeg,27/12/23
Yerba,YERBA MATE COLON SEMIGRANULADA 1KGX10UN,GS. 16.250,https://www.superseis.com.py/images/thumbs/0248788_500.jpeg,27/12/23
Yerba,YERBA CAMPESINO MENTA Y BOLDO 400GR BOLS,GS. 9.400,https://www.superseis.com.py/images/thumbs/0248770_500.jpeg,27/12/23
Yerba,YERBA MATE COMP/TE VER/LIM ARCOIRIS 500G,GS. 12.300,https://www.superseis.com.py/images/thumbs/0247735_500.jpeg,27/12/23
Yerba,YERBA MATE MOJITO LIMON LA VICTORIA 90GR,GS. 3.600,https://www.superseis.com.py/images/thumbs/0247703_500.jpeg,27/12/23
Yerba,YERBA MATE TRADICIONAL 500GR ARCOIRIS,GS. 8.900,https://www.superseis.com.py/images/thumbs/0246652_500.jpeg,27/12/23
Yerba,ARCOIRIS YERBA MATE ELABORADA TRADICIONAL 1 KG,GS. 17.200,https://www.superseis.com.py/images/thumbs/0245608_500.jpeg,27/12/23
Yerba,YERBA MATE KURUPI MATE COCIDO SABOR TRADICIONAL 20 UNIDADES,GS. 6.550,https://www.superseis.com.py/images/thumbs/0245535_500.jpeg,27/12/23
Yerba,MATE COCIDO TOST C/AZUCAR ORG 20UN KURUPI,GS. 7.300,https://www.superseis.com.py/images/thumbs/0245534_500.jpeg,27/12/23
Yerba,COCIDO QUEMADO KAA HEE 25UN CAMPESINO,GS. 7.500,https://www.superseis.com.py/images/thumbs/0245444_500.jpeg,27/12/23
Yerba,COCIDO QUEMADO TRADIC 25UNI CAMPESINO,GS. 7.000,https://www.superseis.com.py/images/thumbs/0245437_500.jpeg,27/12/23
Yerba,YERBA MATE ELABORADA RUSTICA RUVICHA 500GR,GS. 8.000,https://www.superseis.com.py/images/thumbs/0243805_500.jpeg,27/12/23
Yerba,YERBA MATE ELABORADA NATIVA RUVICHA 250GR,GS. 5.500,https://www.superseis.com.py/images/thumbs/0243804_500.jpeg,27/12/23
Yerba,YERBA MATE ELABORADA SILVESTRE RUVICHA 250GR,GS. 5.500,https://www.superseis.com.py/images/thumbs/0243803_500.jpeg,27/12/23
Frutos Secos,MIX DE FRUTOS SECOS GUAZU 25GR PLAS,GS. 7.000,https://www.superseis.com.py/images/thumbs/0252728_500.jpeg,27/12/23
Frutos Secos,NUECES PELADAS ZYMA 90GR FRUTOS SECOS NUECES PELADAS DESECADAS ZYMA 90GR,GS. 24.700,https://www.superseis.com.py/images/thumbs/0235663_500.jpeg,27/12/23
Frutos Secos,MEZCLA DE FRUTOS SECOS ZYMA 150GR,GS. 27.950,https://www.superseis.com.py/images/thumbs/0235661_500.jpeg,27/12/23
Frutos Secos,MEZCLA DE FRUTOS SECOS MIX TROPICAL ZYMA 150GR,GS. 27.950,https://www.superseis.com.py/images/thumbs/0235659_500.jpeg,27/12/23
Frutos Secos,FRUTAS DESECADAS CIRUELA SIN CAROZO ZYMA 250GR,GS. 38.800,https://www.superseis.com.py/images/thumbs/0235658_500.jpeg,27/12/23
Frutos Secos,FRUTOS SECOS CASTAÑA DE CAJU ZYMA 150GR,GS. 47.700,https://www.superseis.com.py/images/thumbs/0235657_500.jpeg,27/12/23
Frutos Secos,FRUTOS SECOS ALMENDRAS PELADAS ZYMA 150GR,GS. 41.750,https://www.superseis.com.py/images/thumbs/0235656_500.jpeg,27/12/23
Frutos Secos,NUECES CERE RICO BOLSA 200 GR,GS. 49.700,https://www.superseis.com.py/images/thumbs/0228440_500.jpeg,27/12/23
Frutos Secos,BANANAS CHIPS DESECADA Y ENDULZADA 75GR EL PEONCITO PLA,GS. 13.500,https://www.superseis.com.py/images/thumbs/0225566_500.jpeg,27/12/23
Frutos Secos,CIRUELAS DISECADAS CON CAROZO 250GR EL PEONCITO PLA,GS. 20.900,https://www.superseis.com.py/images/thumbs/0225565_500.jpeg,27/12/23
Frutos Secos,ALMENDRAS CERE RICO BOLSA 100 GR,GS. 24.700,https://www.superseis.com.py/images/thumbs/0225392_500.jpeg,27/12/23
Frutos Secos,AVELLANAS SANTA ANA GRA 1 KG,GS. 231.000,https://www.superseis.com.py/images/thumbs/0224381_500.jpeg,27/12/23
Frutos Secos,CHIP DE BANANA DISECADA XKG EL PEONCITO BSA,GS. 136.800,https://www.superseis.com.py/images/thumbs/0224371_500.jpeg,27/12/23
Frutos Secos,UVA PASA SIN SEMILLA 500GR COPALSA PAQUETE ,GS. 19.500,https://www.superseis.com.py/images/thumbs/0185715_500.jpeg,27/12/23
Frutos Secos,HIGO SECO GRA 1 KG ,GS. 158.800,https://www.superseis.com.py/images/thumbs/0169096_500.jpeg,27/12/23
Frutos Secos,PERA SANTA ANA GRA 1 KG SECO,GS. 121.500,https://www.superseis.com.py/images/thumbs/0169093_500.jpeg,27/12/23
Frutos Secos,DURAZNO SANTA ANA GRA 1 KG SEC,GS. 125.000,https://www.superseis.com.py/images/thumbs/0169087_500.jpeg,27/12/23
Aseo,CEPILLO DENTAL PARA NIÑOS BARBIE COLGATE,GS. 26.000,https://www.superseis.com.py/images/thumbs/0252265_500.jpeg,27/12/23
Aseo,CEPILLO DENTAL NIÑOS EXTRA SUAVE COLGATE,GS. 26.000,https://www.superseis.com.py/images/thumbs/0252260_500.jpeg,27/12/23
Aseo,CEPILLO DENTAL BABELITO 1,GS. 12.000,https://www.superseis.com.py/images/thumbs/0236785_500.jpeg,27/12/23
Aseo,ALICATE CON MANGO BABELITO,GS. 18.600,https://www.superseis.com.py/images/thumbs/0205052_500.jpeg,27/12/23
Aseo,ASPIRADOR NASAL BABELITO 1,GS. 22.500,https://www.superseis.com.py/images/thumbs/0180664_500.jpeg,27/12/23
Aseo,SUCCIONADOR DE LECHE BABELITO,GS. 75.000,https://www.superseis.com.py/images/thumbs/0180607_500.jpeg,27/12/23
Líquido,BEBIDA SAB/MBUR/NAR/MANGO KAMPITO 250ML,GS. 2.000,https://www.superseis.com.py/images/thumbs/0252416_500.jpeg,27/12/23
Líquido,BEBIDA SAB/NAR/MANDAD/LIM KAMPITO 250ML,GS. 2.000,https://www.superseis.com.py/images/thumbs/0252415_500.jpeg,27/12/23
Líquido,"DEL VALLE FRESH JUGO DE FRUTAS SABOR FRUTAS TROPICALES 1,5 LITROS",GS. 9.000,https://www.superseis.com.py/images/thumbs/0252353_500.jpeg,27/12/23
Líquido,"DEL VALLE FRESH JUGO DE FRUTAS SABOR NARANJA 1,5 LITROS",GS. 9.000,https://www.superseis.com.py/images/thumbs/0252352_500.jpeg,27/12/23
Líquido,JUGO NECTAR DE NARANJA DEL VALLE 200ML,GS. 4.000,https://www.superseis.com.py/images/thumbs/0252349_500.jpeg,27/12/23
Líquido,JUGO NECTAR DE NARANJA DEL VALLE 1LT,GS. 9.000,https://www.superseis.com.py/images/thumbs/0252348_500.jpeg,27/12/23
Líquido,JUGO DE NARANJA DEL VALLE 1.5 LT,GS. 13.000,https://www.superseis.com.py/images/thumbs/0252347_500.jpeg,27/12/23
Líquido,JUGO NECTAR DE MANZANA DEL VALLE 200ML,GS. 4.000,https://www.superseis.com.py/images/thumbs/0252346_500.jpeg,27/12/23
Líquido,JUGO NECTAR DE MANZANA DEL VALLE 1LT,GS. 10.000,https://www.superseis.com.py/images/thumbs/0252345_500.jpeg,27/12/23
Líquido,JUGO NECTAR DE DURAZNO DEL VALLE 1.5LT,GS. 13.000,https://www.superseis.com.py/images/thumbs/0252344_500.jpeg,27/12/23
Líquido,JUGO NECTAR DE DURAZNO DEL VALLE 200ML,GS. 4.000,https://www.superseis.com.py/images/thumbs/0252343_500.jpeg,27/12/23
Líquido,JUGO NECTAR DE DURAZNO DEL VALLE 1LT,GS. 9.000,https://www.superseis.com.py/images/thumbs/0252342_500.jpeg,27/12/23
Líquido,JUGO DE SOJA NATURAL CON CALCIO 1L ADES TETRA,GS. 12.000,https://www.superseis.com.py/images/thumbs/0252334_500.jpeg,27/12/23
Líquido,JUGO LIQUIDO SOJA NARANJA 1LT ADES TETRA,GS. 12.000,https://www.superseis.com.py/images/thumbs/0252333_500.jpeg,27/12/23
Líquido,JUGO LIQUIDO MANZANA 1LT ADES TETRA,GS. 12.000,https://www.superseis.com.py/images/thumbs/0252332_500.jpeg,27/12/23
Líquido,JUGO LIQUIDO SOJA DURAZNO 1L ADES TETRA,GS. 12.000,https://www.superseis.com.py/images/thumbs/0252331_500.jpeg,27/12/23
Líquido,JUGO DE SOJA FRUTAS TROPICAL MULTI 10 200ML ADES TETRA,GS. 4.000,https://www.superseis.com.py/images/thumbs/0252330_500.jpeg,27/12/23
Líquido,JUGO LIQUIDO DE SOJA MANZANA 200ML MULTI10 ADES TETRA,GS. 4.000,https://www.superseis.com.py/images/thumbs/0252328_500.jpeg,27/12/23
Líquido,JUGO NATURAL POMELO 3LT PURIFRU BID,GS. 48.400,https://www.superseis.com.py/images/thumbs/0250968_500.jpeg,27/12/23
Líquido,JUGO CONCENTRADO DE CITRUS 5 LTS QUATTRO BOT,GS. 71.500,https://www.superseis.com.py/images/thumbs/0250948_500.jpeg,27/12/23
Líquido,JUGO NATURAL PURIFRU CHE AMOR 330ML,GS. 22.000,https://www.superseis.com.py/images/thumbs/0247566_500.jpeg,27/12/23
Líquido,JUGO NATURAL PURIFRU ELIXIR SOLAR 330ML,GS. 22.000,https://www.superseis.com.py/images/thumbs/0247565_500.jpeg,27/12/23
Líquido,JUGO NATURAL PURIFRU GREEN RESET 330ML,GS. 22.000,https://www.superseis.com.py/images/thumbs/0247564_500.jpeg,27/12/23
Líquido,JUGO NATURAL PURIFRU POMELO 1LT,GS. 20.250,https://www.superseis.com.py/images/thumbs/0247563_500.jpeg,27/12/23
Líquido,JUGO NATURAL PURIFRU MIX NARANJA/MBURUCUYA 400ML,GS. 9.250,https://www.superseis.com.py/images/thumbs/0247562_500.jpeg,27/12/23
Líquido,JUGO NATURAL PURIFRU  NARANJA/ZANAHORIA/MANZANA 400ML,GS. 9.250,https://www.superseis.com.py/images/thumbs/0247561_500.jpeg,27/12/23
Líquido,JUGO NATURAL  PURIFRU LIMON 400 C,GS. 9.250,https://www.superseis.com.py/images/thumbs/0247560_500.jpeg,27/12/23
Cremas/Aceites Corp,CREMA REAFIRMANTE GOICOECHEA 200ML,GS. 42.050,https://www.superseis.com.py/images/thumbs/0253341_500.jpeg,27/12/23
Cremas/Aceites Corp,CREMA CORPORAL REAFIRMANTE DAILY 350 ML,GS. 23.800,https://www.superseis.com.py/images/thumbs/0252616_500.jpeg,27/12/23
Cremas/Aceites Corp,CREMA CORPORAL ANTICELULITIS DAILY 350ML,GS. 30.500,https://www.superseis.com.py/images/thumbs/0252615_500.jpeg,27/12/23
Cremas/Aceites Corp,CREMA CORP NUTRITIVA HUMECT DAILY 350 ML,GS. 20.800,https://www.superseis.com.py/images/thumbs/0252613_500.jpeg,27/12/23
Cremas/Aceites Corp,CREMA CORP NUTRITIVA MIEL Y ALMENDRAS AL,GS. 16.500,https://www.superseis.com.py/images/thumbs/0251585_500.jpeg,27/12/23
Cremas/Aceites Corp,LECHE CORP JALEA PIEL SECA BYPHASSE 500ML FCO,GS. 49.000,https://www.superseis.com.py/images/thumbs/0250719_500.jpeg,27/12/23
Cremas/Aceites Corp,GOICOECHEA CREMA ULTRANUTRITIVA X 400ML,GS. 62.950,https://www.superseis.com.py/images/thumbs/0250591_500.jpeg,27/12/23
Cremas/Aceites Corp,CICATRICURE ANTIEDAD CREMA TUBO 60GRS,GS. 136.700,https://www.superseis.com.py/images/thumbs/0250463_500.jpeg,27/12/23
Cremas/Aceites Corp,DOVE CREMA EXFOLIANTE GRANADA Y KARITE 298 GR,GS. 50.000,https://www.superseis.com.py/images/thumbs/0250425_500.jpeg,27/12/23
Cremas/Aceites Corp,CREMA HIDR DIABET TX GOICOECHEA 400GR FC,GS. 80.250,https://www.superseis.com.py/images/thumbs/0248700_500.jpeg,27/12/23
Cremas/Aceites Corp,GOICOECHEA PIEL SENSIBLE CREMA X 400ML G,GS. 60.700,https://www.superseis.com.py/images/thumbs/0248699_500.jpeg,27/12/23
Cremas/Aceites Corp,GOICOECHEA ANTICELULITIS CELLUMODEL X 40,GS. 65.900,https://www.superseis.com.py/images/thumbs/0248698_500.jpeg,27/12/23
Cremas/Aceites Corp,CREMA REAFIRM P/PIERNAS GOICOECHEA 400ML,GS. 61.200,https://www.superseis.com.py/images/thumbs/0248697_500.jpeg,27/12/23
Cremas/Aceites Corp,CREMA BEAUTY CICATRICURE 50GR CJA,GS. 127.850,https://www.superseis.com.py/images/thumbs/0248696_500.jpeg,27/12/23
Cremas/Aceites Corp,CREMA CORPORAL HUMECTACION PROFUNDA 350ML ST IVES FCO,GS. 35.600,https://www.superseis.com.py/images/thumbs/0247509_500.jpeg,27/12/23
Cremas/Aceites Corp,LOCION CORPORAL BODY CARE INTENSIVE HIDRATA Y REPARA NEUTROGENA 400ML,GS. 54.900,https://www.superseis.com.py/images/thumbs/0246916_500.jpeg,27/12/23
Cremas/Aceites Corp,Body Care Intensive Hidrata & Repara Neutrogena 200 ml,GS. 33.650,https://www.superseis.com.py/images/thumbs/0246913_500.jpeg,27/12/23
Cremas/Aceites Corp,CREMA CORPORAL ANTI-AGE CON ALOE VERA MULTICREM 120ML,GS. 13.650,https://www.superseis.com.py/images/thumbs/0244113_500.jpeg,27/12/23
Cremas/Aceites Corp,CREMA CORPORAL ANTI-AGE MULTICREM 120ML,GS. 13.650,https://www.superseis.com.py/images/thumbs/0244112_500.jpeg,27/12/23
Cremas/Aceites Corp,CICATRICURE HIDRATACION INTENSIVA CREMA CORPORAL FIRMEZA 400 ML,GS. 71.500,https://www.superseis.com.py/images/thumbs/0243008_500.jpeg,27/12/23
Cremas/Aceites Corp,CICATRICURE HIDRATACION INTENSIVA CREMA CORPORAL REPARACION 400 ML,GS. 57.400,https://www.superseis.com.py/images/thumbs/0243007_500.jpeg,27/12/23
Cremas/Aceites Corp,ESSENTIAL HEMP BODY CARE CREMA CORPORAL FLORAL ELEGANCE CON ACEITE ORGANICO DE CANNABIS 120 CC,GS. 23.500,https://www.superseis.com.py/images/thumbs/0241972_500.jpeg,27/12/23
Cremas/Aceites Corp,CREMA CORPORAL NUTRITIVA BAJO LA DUCHA NIVEA 250ML,GS. 43.250,https://www.superseis.com.py/images/thumbs/0240470_500.jpeg,27/12/23
Para Niñas,JUGUETE MUÑECA CJA MK REF MKK434265,GS. 6.900,https://www.superseis.com.py/images/thumbs/0251305_500.png,27/12/23
Para Niñas,JUGUETE MUÑECA C/ACCE PEGG CJA ANJO 2245,GS. 159.900,https://www.superseis.com.py/images/thumbs/0251289_500.png,27/12/23
Para Niñas,JUGUETE MUÑECO C/MASC CJA DIVERTOYS 8102 SUPERTOYS x 6,GS. 139.900,https://www.superseis.com.py/images/thumbs/0251253_500.jpeg,27/12/23
Para Niñas,JUGUETE MUÑECA C/ ACCESORIOS CJA MK REF MKJ084553,GS. 26.900,https://www.superseis.com.py/images/thumbs/0251234_500.jpeg,27/12/23
Para Niñas,MUN?ECA C/ACCESORIO CJA MK REF H386154,GS. 61.100,https://www.superseis.com.py/images/thumbs/0248461_500.jpeg,27/12/23
Para Niñas,MUN?ECA C/ACCESORIOS CJA MK REF H353862,GS. 27.500,https://www.superseis.com.py/images/thumbs/0248460_500.jpeg,27/12/23
Para Niñas,MUN?ECA C/ACCESORIOS CJA MK REF H353655,GS. 20.300,https://www.superseis.com.py/images/thumbs/0248459_500.jpeg,27/12/23
Para Niñas,MUÑECA JULINHA 40 FRASE C/CHUP DIVERTOYS CJA REF 618,GS. 79.900,https://www.superseis.com.py/images/thumbs/0248114_500.jpeg,27/12/23
Para Niñas,JUGUETE MUÑECA C/ACCES CJA REF MKN537897,GS. 67.900,https://www.superseis.com.py/images/thumbs/0246497_500.jpeg,27/12/23
Para Niñas,FAMOSA BELLIES ROPA COLEGIO SURTIDO,GS. 162.500,https://www.superseis.com.py/images/thumbs/0246328_500.jpeg,27/12/23
Para Niñas,FAMOSA MU?ECA NONI NO,GS. 345.500,https://www.superseis.com.py/images/thumbs/0246327_500.jpeg,27/12/23
Para Niñas,JUGUETE MUÑECA HARRY POTTER PICI 6064055,GS. 305.000,https://www.superseis.com.py/images/thumbs/0245028_500.jpeg,27/12/23
Para Niñas,HAPE AVENTURA KIDS SET DE CASA PARA ARMAR 31 UNIDADES,GS. 801.500,https://www.superseis.com.py/images/thumbs/0244791_500.jpeg,27/12/23
Para Niñas,HAPE PONY CLUB RANCH,GS. 504.500,https://www.superseis.com.py/images/thumbs/0244781_500.jpeg,27/12/23
Para Niñas,HAPE JUEGO DEL TE,GS. 291.500,https://www.superseis.com.py/images/thumbs/0244766_500.jpeg,27/12/23
Para Niñas,JUGUETE PEPPA PIG C/ACC PICI 21685L02,GS. 355.000,https://www.superseis.com.py/images/thumbs/0244697_500.jpeg,27/12/23
Para Niñas,HASBRO PEPPA PIG EL HUERTO DE PEPPA,GS. 249.900,https://www.superseis.com.py/images/thumbs/0244695_500.jpeg,27/12/23
Para Niñas,HASBRO PEPPA PIG FAMILIA + BUS,GS. 497.500,https://www.superseis.com.py/images/thumbs/0244694_500.jpeg,27/12/23
Para Niñas,JUGUETE ALIVE PEPPA PICI 23875X00,GS. 579.500,https://www.superseis.com.py/images/thumbs/0244687_500.jpeg,27/12/23
Para Niñas,HASBRO PEPPA PIG PEQUE?O AUTO ROJO,GS. 249.900,https://www.superseis.com.py/images/thumbs/0244684_500.jpeg,27/12/23
Para Niñas,HASBRO PEPPA PIG SUZY SHEEP,GS. 84.500,https://www.superseis.com.py/images/thumbs/0244681_500.jpeg,27/12/23
Para Niñas,HASBRO PEPPA PIG ZOE ZEBRA,GS. 84.500,https://www.superseis.com.py/images/thumbs/0244680_500.jpeg,27/12/23
Para Niñas,HASBRO PEPPA PIG PEDRO PONY MU?ECO,GS. 104.900,https://www.superseis.com.py/images/thumbs/0244679_500.jpeg,27/12/23
Para Niñas,HASBRO PEPPA PIG REBECCA RABBIT,GS. 84.500,https://www.superseis.com.py/images/thumbs/0244678_500.jpeg,27/12/23
Para Niñas,HASBRO PEPPA PIG GERALD JIRAFA MU?ECO,GS. 104.900,https://www.superseis.com.py/images/thumbs/0244677_500.jpeg,27/12/23
Para Niñas,JAZWARES MY BUDDY BLIPPI 10 SONIDOS Y FRASES,GS. 338.900,https://www.superseis.com.py/images/thumbs/0244621_500.jpeg,27/12/23
Para Niñas,JAZWARES COCOMELON CASA DESPEGABLE,GS. 338.900,https://www.superseis.com.py/images/thumbs/0244615_500.jpeg,27/12/23
