Accesorios,TOALLA P/BAN?O KARSTEN UNIKA 70CMX1.40M,GS.  72.400,https://www.superseis.com.py/images/thumbs/0252967_500.jpeg,28/12/23
Accesorios,TOALLA P/BAN?O KARSTEN UNIKA 70CMX1.40M,GS.  72.400,https://www.superseis.com.py/images/thumbs/0252966_500.jpeg,28/12/23
Accesorios,TOALLA P/ROSTRO KARSTEN UNIKA 48CMX80CM,GS.  34.000,https://www.superseis.com.py/images/thumbs/0252965_500.jpeg,28/12/23
Accesorios,TOALLA P/BAN?O KARSTEN UNIKA 70 CMX1.40M,GS.  72.400,https://www.superseis.com.py/images/thumbs/0252964_500.jpeg,28/12/23
Accesorios,TOALLA P/ROSTRO KARSTEN UNIKA 48CMX80CM,GS.  34.000,https://www.superseis.com.py/images/thumbs/0252963_500.jpeg,28/12/23
Accesorios,TOALLA P/BAN?O KARSTEN UNIKA 70CMX1.40M,GS.  72.400,https://www.superseis.com.py/images/thumbs/0252962_500.jpeg,28/12/23
Accesorios,TOALLA P/ROSTRO KARSTEN UNIKA 48CMX80CM,GS.  34.000,https://www.superseis.com.py/images/thumbs/0252961_500.jpeg,28/12/23
Accesorios,TOALLA P/BAN?O KARSTEN UNIKA 70CMX1.40M,GS.  72.400,https://www.superseis.com.py/images/thumbs/0252960_500.jpeg,28/12/23
Accesorios,TOALLA P/BAN?O KARSTEN UNIKA 70CMX1.40M,GS.  72.400,https://www.superseis.com.py/images/thumbs/0252959_500.jpeg,28/12/23
Accesorios,TOALLA PARA ROSTRO KARSTEN 49CMX70CM,GS.  23.800,https://www.superseis.com.py/images/thumbs/0252958_500.jpeg,28/12/23
Accesorios,TOALLA PARA ROSTRO KARSTEN 49CMX70CM,GS.  23.800,https://www.superseis.com.py/images/thumbs/0252957_500.jpeg,28/12/23
Accesorios,TOALLA PARA BAN?O KARSTEN 67 CM X 1.35M,GS.  53.500,https://www.superseis.com.py/images/thumbs/0252956_500.jpeg,28/12/23
Accesorios,TOALLA PARA ROSTRO KARSTEN 49CMX70CM,GS.  23.800,https://www.superseis.com.py/images/thumbs/0252955_500.jpeg,28/12/23
Accesorios,TOALLA P/ROSTRO KARSTEN UNIKA 48CMX80CM,GS.  34.000,https://www.superseis.com.py/images/thumbs/0252954_500.jpeg,28/12/23
Accesorios,TOALLA P/BAN?OKARSTEN UNIKA 70CMX1.40M,GS.  72.400,https://www.superseis.com.py/images/thumbs/0252953_500.jpeg,28/12/23
Accesorios,TOALLA PARA ROSTRO KARSTEN 49CMX70CM,GS.  23.800,https://www.superseis.com.py/images/thumbs/0252952_500.jpeg,28/12/23
Accesorios,TOALLA PARA BAN?O KARSTEN 67 CM X 1.35M,GS.  53.500,https://www.superseis.com.py/images/thumbs/0252951_500.jpeg,28/12/23
Accesorios,TOALLITAS DESMAQUILLANTES AMARILLAS Y NA,GS.  25.700,https://www.superseis.com.py/images/thumbs/0250725_500.jpeg,28/12/23
Accesorios,TOALLITAS DESM MIC C/AGUA D ORG 25PIEZAS,GS.  42.150,https://www.superseis.com.py/images/thumbs/0250449_500.jpeg,28/12/23
Accesorios,TOALLA GRIS ROSTRO SPENCER 49X70 CASA IN,GS.  18.500,https://www.superseis.com.py/images/thumbs/0248134_500.jpeg,28/12/23
Accesorios,TOALLA BGE ROSTRO SPENCER 49X70 CASA IN,GS.  18.500,https://www.superseis.com.py/images/thumbs/0248132_500.jpeg,28/12/23
Accesorios,ESPEJO DE MANOS SWEET CARE,GS.  31.000,https://www.superseis.com.py/images/thumbs/0247762_500.jpeg,28/12/23
Accesorios,AGUA MICELAR HIDRA TOTAL 5 L'ORÉAL 200ML,GS.  72.900,https://www.superseis.com.py/images/thumbs/0242635_500.jpeg,28/12/23
Accesorios,TOALLITAS DESMAQUILLANTES NIGHT CALMING NEUTROGENA 25UNID,GS.  39.900,https://www.superseis.com.py/images/thumbs/0235215_500.jpeg,28/12/23
Accesorios,TOALLITAS DESMAQUILLANTES NEUTROGENA 25UNID,GS.  39.900,https://www.superseis.com.py/images/thumbs/0235214_500.jpeg,28/12/23
Accesorios,ESPONJA FACIAL MARE 1 UN,GS.  6.750,https://www.superseis.com.py/images/thumbs/0232616_500.jpeg,28/12/23
Accesorios,ESPONJA NATURAL FACIAL DESMAQUILLANTE 2 UNIDADES CALYPSO PLA,GS.  10.500,https://www.superseis.com.py/images/thumbs/0232477_500.jpeg,28/12/23
Algodón/Cotonetes,PREVEX COTONETES 200 UNIDADES,GS.  10.500,https://www.superseis.com.py/images/thumbs/0250718_500.jpeg,28/12/23
Algodón/Cotonetes,COTONET.SUNDELINGHT,GS.  14.500,https://www.superseis.com.py/images/thumbs/0250479_500.jpeg,28/12/23
Algodón/Cotonetes,COTONETES HISOPOS 200UN SUPERIOR,GS.  14.000,https://www.superseis.com.py/images/thumbs/0247030_500.png,28/12/23
Algodón/Cotonetes,ALGODON PLISADO 200 GR SUPERIOR,GS.  28.000,https://www.superseis.com.py/images/thumbs/0247028_500.jpeg,28/12/23
Algodón/Cotonetes,SUPERIOR ALGODON PLISADO COTTON PLEATED 25 GR,GS.  7.150,https://www.superseis.com.py/images/thumbs/0247026_500.jpeg,28/12/23
Algodón/Cotonetes,DODDY HISOPOS DESCARTABLES CON PUNTAS DE ALGODON 200 UNIDADES,GS.  10.050,https://www.superseis.com.py/images/thumbs/0243114_500.jpeg,28/12/23
Algodón/Cotonetes,DODDY HISOPOS DESCARTABLES CON PUNTAS DE ALGODON 100 UNIDADES,GS.  6.300,https://www.superseis.com.py/images/thumbs/0243113_500.jpeg,28/12/23
Algodón/Cotonetes,DODDY HISOPOS DESCARTABLES CON PUNTAS DE ALGODON 200 UNIDADES,GS.  11.200,https://www.superseis.com.py/images/thumbs/0243112_500.jpeg,28/12/23
Algodón/Cotonetes,DODDY HISOPOS DESCARTABLES CON PUNTAS DE ALGODON 100 UNIDADES,GS.  7.500,https://www.superseis.com.py/images/thumbs/0243111_500.jpeg,28/12/23
Algodón/Cotonetes,ALGODN FACIAL DISCOS 60 UNIDADES COTTONBABY CAJA ,GS.  14.250,https://www.superseis.com.py/images/thumbs/0238058_500.jpeg,28/12/23
Algodón/Cotonetes,ALGODN HIDROFILO EN POMPONES 50GR COTTONBABY PAQUETE ,GS.  9.850,https://www.superseis.com.py/images/thumbs/0238057_500.jpeg,28/12/23
Algodón/Cotonetes,MOPA DE ALGODON ZIGZAG REFIL S,GS.  39.400,https://www.superseis.com.py/images/thumbs/0237980_500.jpeg,28/12/23
Algodón/Cotonetes,ALGODON HIDROFILA PAQUETE 25 GR RO,GS.  4.000,https://www.superseis.com.py/images/thumbs/0237357_500.jpeg,28/12/23
Algodón/Cotonetes,BOLAS DE ALGODON 160 UN SUPERIOR,GS.  17.500,https://www.superseis.com.py/images/thumbs/0236438_500.jpeg,28/12/23
Algodón/Cotonetes,COTONETES JOHNSONS EN CAJA 150 UNID,GS.  20.550,https://www.superseis.com.py/images/thumbs/0235176_500.jpeg,28/12/23
Algodón/Cotonetes,COTONETES JOHNSONS 150UNID,GS.  21.550,https://www.superseis.com.py/images/thumbs/0235174_500.jpeg,28/12/23
Algodón/Cotonetes,COTONETES HASTES FLEXIBLES 75UN MILI PAQ,GS.  5.900,https://www.superseis.com.py/images/thumbs/0232592_500.jpeg,28/12/23
Algodón/Cotonetes,ALGODON HIDROFILOS EN POMPONES 95GR COTTONBABY PAQUETE ,GS.  14.650,https://www.superseis.com.py/images/thumbs/0228359_500.jpeg,28/12/23
Algodón/Cotonetes,COTONETE CREMER CAJA 75 UNIDADES,GS.  7.000,https://www.superseis.com.py/images/thumbs/0225504_500.jpeg,28/12/23
Algodón/Cotonetes,ALGODON DENT.100UN CREMER ,GS.  9.750,https://www.superseis.com.py/images/thumbs/0225497_500.jpeg,28/12/23
Algodón/Cotonetes,ALGODÓN ONDAS BLANCAS ZIG ZAG 90GR,GS.  8.250,https://www.superseis.com.py/images/thumbs/0222584_500.jpeg,28/12/23
Algodón/Cotonetes,ALGODÓN ONDAS BLANCAS  ZIG ZAG 65GR,GS.  6.150,https://www.superseis.com.py/images/thumbs/0222583_500.jpeg,28/12/23
Algodón/Cotonetes,ALGODÓN ONDAS BLANCAS ZIG ZAG PREMIUM 200GR,GS.  20.200,https://www.superseis.com.py/images/thumbs/0222579_500.jpeg,28/12/23
Algodón/Cotonetes,ALGODÓN ONDAS BLANCAS ZIG ZAG PREMIUM 100GR,GS.  10.100,https://www.superseis.com.py/images/thumbs/0222578_500.jpeg,28/12/23
Algodón/Cotonetes,ALGODÓN ONDAS BLANCAS EN ZIG-ZAG 10GR,GS.  1.550,https://www.superseis.com.py/images/thumbs/0222576_500.jpeg,28/12/23
Algodón/Cotonetes,HISOPOS Q.SOFT CON ANTIGERMEN PLASTICO 150 UNIDADES,GS.  14.800,https://www.superseis.com.py/images/thumbs/0201564_500.jpeg,28/12/23
Algodón/Cotonetes,MOPA DE ALGODON ZIGZAG REFIL S,GS.  31.900,https://www.superseis.com.py/images/thumbs/0199484_500.jpeg,28/12/23
Postres/Dulces,POLVO P/BROWNI CHOCO 170G GHIRARDI FERRO,GS.  22.000,https://www.superseis.com.py/images/thumbs/0245873_500.jpeg,28/12/23
Postres/Dulces,EXQUISITA LIGHT POLVO PARA PREPARAR GELATINA SABOR CEREZA 25 GR,GS.  7.100,https://www.superseis.com.py/images/thumbs/0245047_500.jpeg,28/12/23
Postres/Dulces,GELATINA SABOR PIÑA BRETZKE 30GR,GS.  4.050,https://www.superseis.com.py/images/thumbs/0238925_500.jpeg,28/12/23
Postres/Dulces,GELATINA SABOR FRAMBUESA BRETZKE 30GR,GS.  4.050,https://www.superseis.com.py/images/thumbs/0238924_500.jpeg,28/12/23
Postres/Dulces,GELATINA SABOR LIMON BRETZKE 30GR,GS.  4.050,https://www.superseis.com.py/images/thumbs/0238923_500.jpeg,28/12/23
Postres/Dulces,GELATINA SABOR FRUTILLA BRETZKE 30GR,GS.  4.050,https://www.superseis.com.py/images/thumbs/0238922_500.jpeg,28/12/23
Postres/Dulces,GELATINA SABOR DURAZNO BRETZKE 30GR,GS.  4.050,https://www.superseis.com.py/images/thumbs/0238921_500.jpeg,28/12/23
Postres/Dulces,GELATINA SABOR UVA BRETZKE 30GR,GS.  4.050,https://www.superseis.com.py/images/thumbs/0238920_500.jpeg,28/12/23
Postres/Dulces,GELATINA SABOR MARACUYA BRETZKE 30GR,GS.  4.050,https://www.superseis.com.py/images/thumbs/0238919_500.jpeg,28/12/23
Postres/Dulces,GELATINA SABOR ARANDANOS BRETZKE 30GR,GS.  4.050,https://www.superseis.com.py/images/thumbs/0238918_500.jpeg,28/12/23
Postres/Dulces,GELATINA SABOR CEREZA BRETZKE 30GR,GS.  4.050,https://www.superseis.com.py/images/thumbs/0238916_500.png,28/12/23
Postres/Dulces,GELATINA SABOR MANZANA VERDE DIETALAT PARMALAT 180GR,GS.  2.500,https://www.superseis.com.py/images/thumbs/0235481_500.jpeg,28/12/23
Postres/Dulces,GELATINA SABOR NARANJA DIETALAT PARMALAT 180GR,GS.  2.500,https://www.superseis.com.py/images/thumbs/0235457_500.jpeg,28/12/23
Postres/Dulces,GELATINA SABOR FRUTILLA DIETALAT PARMALAT 180GR,GS.  2.500,https://www.superseis.com.py/images/thumbs/0235456_500.jpeg,28/12/23
Postres/Dulces,GELATINA DIET FRAMBUESA BRETZKE 10GR,GS.  4.300,https://www.superseis.com.py/images/thumbs/0231975_500.jpeg,28/12/23
Postres/Dulces,GELATINA DIET SAB/CEREZA BRETZKE 10GR CJA,GS.  4.300,https://www.superseis.com.py/images/thumbs/0231974_500.jpeg,28/12/23
Postres/Dulces,BRETZKE GELATINA DIET EN POLVO SABOR LIMON 10 GR,GS.  4.300,https://www.superseis.com.py/images/thumbs/0231973_500.jpeg,28/12/23
Postres/Dulces,BRETZKE GELATINA DIET EN POLVO SABOR PI?A 10 GR,GS.  4.300,https://www.superseis.com.py/images/thumbs/0231972_500.jpeg,28/12/23
Postres/Dulces,GELATINA DIET SAB/UVA BRETZKE 10GR CJA,GS.  4.300,https://www.superseis.com.py/images/thumbs/0231971_500.jpeg,28/12/23
Postres/Dulces,BRETZKE GELATINA DIET EN POLVO SABOR FRUTILLA 10 GR,GS.  4.300,https://www.superseis.com.py/images/thumbs/0231970_500.jpeg,28/12/23
Colonias,COLONIA SWEET CARE MAGNOLIA BLOOM 60ML,GS.  38.450,https://www.superseis.com.py/images/thumbs/0253356_500.jpeg,28/12/23
Colonias,COLONIA SWEET CARE MAGNOLIA BLOOM 140ML,GS.  54.450,https://www.superseis.com.py/images/thumbs/0253355_500.jpeg,28/12/23
Colonias,COLONIA SWEET CARE BODY SPLASH 60ML,GS.  38.450,https://www.superseis.com.py/images/thumbs/0253354_500.jpeg,28/12/23
Colonias,COLONIA SWEET CARE BODY SPLASH 140ML,GS.  54.450,https://www.superseis.com.py/images/thumbs/0253353_500.jpeg,28/12/23
Colonias,COLONIA SWEET CARE RELAXY 30 ML,GS.  32.050,https://www.superseis.com.py/images/thumbs/0253352_500.jpeg,28/12/23
Colonias,COLONIA SWEET CARE EAU SWEETY 30 ML,GS.  32.050,https://www.superseis.com.py/images/thumbs/0253351_500.jpeg,28/12/23
Colonias,COLONIA SWEET CARE DANCE 100 ML,GS.  88.100,https://www.superseis.com.py/images/thumbs/0253350_500.jpeg,28/12/23
Colonias,COLONIA SWEET CARE ROCK 100 ML,GS.  88.100,https://www.superseis.com.py/images/thumbs/0253349_500.jpeg,28/12/23
Colonias,COLONIA SWEET CARE KISS 100 ML,GS.  88.100,https://www.superseis.com.py/images/thumbs/0253348_500.jpeg,28/12/23
Colonias,COLONIA SWEET CARE TOUCH 100 ML,GS.  88.100,https://www.superseis.com.py/images/thumbs/0253347_500.jpeg,28/12/23
Colonias,COLONIA SWEET CARE EAU FANTASY 100ML,GS.  88.100,https://www.superseis.com.py/images/thumbs/0253346_500.jpeg,28/12/23
Colonias,COLONIA SWEET CARE IMAGINE 100ML,GS.  88.100,https://www.superseis.com.py/images/thumbs/0253345_500.jpeg,28/12/23
Colonias,COLONIA SWEET CARE BLITZ FANTASY 75ML PL,GS.  20.900,https://www.superseis.com.py/images/thumbs/0250666_500.jpeg,28/12/23
Colonias,COLONIA AQUA TURQUESA MAJA 240ML FCO,GS.  58.050,https://www.superseis.com.py/images/thumbs/0250409_500.jpeg,28/12/23
Colonias,COLONIA MANZANILLA RICITOS DE ORO 100ML FCO,GS.  22.600,https://www.superseis.com.py/images/thumbs/0250378_500.jpeg,28/12/23
Colonias,AGUA DE COLONIA HENO DE PRAVIA 750ML FCO,GS.  75.450,https://www.superseis.com.py/images/thumbs/0248575_500.jpeg,28/12/23
Colonias,URBAN CARE 1 EAU DE TOILETTE UNLIMITED MEN 75 ML,GS.  65.950,https://www.superseis.com.py/images/thumbs/0248541_500.jpeg,28/12/23
Colonias,BODY SPLASH KARINA RABOLINI FROZEN AIR 200ML,GS.  75.000,https://www.superseis.com.py/images/thumbs/0247181_500.jpeg,28/12/23
Colonias,BODY SPLASH KARINA RABOLINI OCEAN FRESH FRASCO 200ML,GS.  75.000,https://www.superseis.com.py/images/thumbs/0247180_500.jpeg,28/12/23
Colonias,BODY SPLASH KARINA RABOLINI PINK FOR LOVE,GS.  75.000,https://www.superseis.com.py/images/thumbs/0247178_500.jpeg,28/12/23
Colonias,BODY SPLASH KARINA RABOLINI PASSION FRUIT FRASCO 200ML,GS.  75.000,https://www.superseis.com.py/images/thumbs/0247177_500.jpeg,28/12/23
Colonias,BODY SPLASH KARINA RABOLINI CREME CARMEL FRASCO 200ML,GS.  75.000,https://www.superseis.com.py/images/thumbs/0247176_500.jpeg,28/12/23
Colonias,BODY SPLASH TRUE LOVE TEENAGERS 125ml ,GS.  14.500,https://www.superseis.com.py/images/thumbs/0246834_500.png,28/12/23
Colonias,BODY SPLASH CALL ME TEENAGERS 125ml ,GS.  15.200,https://www.superseis.com.py/images/thumbs/0246833_500.png,28/12/23
Colonias, BODY SPLASH SWEET ROSE TEENAGERS  125ml ,GS.  15.200,https://www.superseis.com.py/images/thumbs/0246832_500.png,28/12/23
Colonias,BODY SPLASH SUGAR CANDY KISSES SARAH KAY 200ML,GS.  44.050,https://www.superseis.com.py/images/thumbs/0244115_500.jpeg,28/12/23
Colonias,COLONIA CORPORAL SECRET AIR SWEET CARE 140ML,GS.  50.400,https://www.superseis.com.py/images/thumbs/0243621_500.jpeg,28/12/23
Panes Frescos/Chipa,ROSQUITA A LA MANTECA X KG PL,GS.  24.500,https://www.superseis.com.py/images/thumbs/0253132_500.png,28/12/23
Panes Frescos/Chipa,PAN SANDWICH INTEGRAL S6 450GR PL,GS.  8.650,https://www.superseis.com.py/images/thumbs/0253127_500.png,28/12/23
Panes Frescos/Chipa,PAN DULCE S6 CHOCOLATE 800GR PL,GS.  20.900,https://www.superseis.com.py/images/thumbs/0252800_500.png,28/12/23
Panes Frescos/Chipa,PAN HAMBURGUESA S6 330GR 6UN PL,GS.  6.300,https://www.superseis.com.py/images/thumbs/0252774_500.jpeg,28/12/23
Panes Frescos/Chipa,PAN DE SANDWICH BLANCO SUPERSEIS 900GR,GS.  14.300,https://www.superseis.com.py/images/thumbs/0252773_500.jpeg,28/12/23
Panes Frescos/Chipa,PAN SANDWICH BLANCO SUPERSEIS 450GR,GS.  8.650,https://www.superseis.com.py/images/thumbs/0252748_500.jpeg,28/12/23
Panes Frescos/Chipa,PAN DE VIENA S6 480GR PL,GS.  6.300,https://www.superseis.com.py/images/thumbs/0252686_500.jpeg,28/12/23
Panes Frescos/Chipa,PAN DE SANDWICH LACTEADO CALIDAD S6 360GR,GS.  7.750,https://www.superseis.com.py/images/thumbs/0241119_500.jpeg,28/12/23
Panes Frescos/Chipa,PAN DE VIENA CALIDAD S6 480GR,GS.  6.300,https://www.superseis.com.py/images/thumbs/0241118_500.jpeg,28/12/23
Panes Frescos/Chipa,PAN DE SANDWICH INTEGRAL CALIDAD S6 450GR,GS.  8.650,https://www.superseis.com.py/images/thumbs/0240817_500.jpeg,28/12/23
Panes Frescos/Chipa,PAN DE SANDWICH INTEGRAL CALIDAD S6 900GR,GS.  14.300,https://www.superseis.com.py/images/thumbs/0240816_500.jpeg,28/12/23
Panes Frescos/Chipa,PAN DE SANDWICH BLANCO CALIDAD S6 450GR,GS.  8.650,https://www.superseis.com.py/images/thumbs/0240815_500.jpeg,28/12/23
Panes Frescos/Chipa,PAN DE SANDWICH BLANCO CALIDAD S6 900GR,GS.  14.300,https://www.superseis.com.py/images/thumbs/0240814_500.jpeg,28/12/23
Panes Frescos/Chipa,PAN DE AJO RELLENO DE QUESO CALIDAD SUPERSEIS,GS.  18.900,https://www.superseis.com.py/images/thumbs/0235753_500.jpeg,28/12/23
Panes Frescos/Chipa,PAN INTEGRAL S6 X KG,GS.  15.200,https://www.superseis.com.py/images/thumbs/0233273_500.jpeg,28/12/23
Panes Frescos/Chipa,GALLETA MOLIDA S6 A GRANEL,GS.  6.700,https://www.superseis.com.py/images/thumbs/0233264_500.jpeg,28/12/23
Panes Frescos/Chipa,PAN ARTESANAL CON UVA PASA S6 X KG,GS.  23.300,https://www.superseis.com.py/images/thumbs/0209530_500.jpeg,28/12/23
Panes Frescos/Chipa,PAN ARABE S6 X KG,GS.  19.450,https://www.superseis.com.py/images/thumbs/0233237_500.jpeg,28/12/23
Panes Frescos/Chipa,PAN INTEGRAL CON SEMILLA S6 X KG,GS.  15.300,https://www.superseis.com.py/images/thumbs/0233236_500.jpeg,28/12/23
Panes Frescos/Chipa,PIZZETAS,GS.  14.600,https://www.superseis.com.py/images/thumbs/0232190_500.jpeg,28/12/23
Panes Frescos/Chipa,PANCITO CHIPS X KG,GS.  19.300,https://www.superseis.com.py/images/thumbs/0232187_500.jpeg,28/12/23
Panes Frescos/Chipa,PANCITO DOBLE QUESO X KL,GS.  24.900,https://www.superseis.com.py/images/thumbs/0232186_500.jpeg,28/12/23
Panes Frescos/Chipa,PANCITO CON ALBAHACA X KL,GS.  25.350,https://www.superseis.com.py/images/thumbs/0232185_500.jpeg,28/12/23
Panes Frescos/Chipa,PAN FRANSECITO XKG SIN E,GS.  6.900,https://www.superseis.com.py/images/thumbs/0232184_500.jpeg,28/12/23
Lavado/Planchado,PALANGANA JAGUAR MEDIA 6.7 LITRO,GS.  10.900,https://www.superseis.com.py/images/thumbs/0252065_500.jpeg,28/12/23
Lavado/Planchado,PERCHA D/PLASTICO 5PCS SAN REMO REF PR9105/5CD,GS.  25.900,https://www.superseis.com.py/images/thumbs/0252062_500.jpeg,28/12/23
Lavado/Planchado,ECO PINZAS GIGANTE MAD P/ROP THEOTO 12UN,GS.  7.300,https://www.superseis.com.py/images/thumbs/0247937_500.jpeg,28/12/23
Lavado/Planchado,THEOTO ECO PINZAS DE MADERA PARA ROPA 12 UNIDADES,GS.  4.600,https://www.superseis.com.py/images/thumbs/0247936_500.jpeg,28/12/23
Lavado/Planchado,THEOTO ECO PINZAS PARA ROPA 12 UNIDADES,GS.  7.600,https://www.superseis.com.py/images/thumbs/0247935_500.jpeg,28/12/23
Lavado/Planchado,PINZA PARA ROPA DE MADERA GINA 12UN,GS.  8.800,https://www.superseis.com.py/images/thumbs/0246678_500.jpeg,28/12/23
Lavado/Planchado,GINA PINZA PARA ROPA DE PLASTICO 12 UNIDADES,GS.  11.000,https://www.superseis.com.py/images/thumbs/0246153_500.jpeg,28/12/23
Lavado/Planchado,UTIMIL TABLA DE PLANCHAR,GS.  321.500,https://www.superseis.com.py/images/thumbs/0243221_500.jpeg,28/12/23
Lavado/Planchado,SET DE CUERDA 15 M C/PINZA PLAST 24 PZ BROETTO BLIS,GS.  33.000,https://www.superseis.com.py/images/thumbs/0230613_500.jpeg,28/12/23
Lavado/Planchado,SET DE CUERDA 15 M C/PINZA MADERA 24 PZ BROETTO BLIS,GS.  22.500,https://www.superseis.com.py/images/thumbs/0230612_500.jpeg,28/12/23
Lavado/Planchado,SET DE CUERDAS SUPERUTIL 1 UNIDAD ,GS.  19.500,https://www.superseis.com.py/images/thumbs/0230611_500.jpeg,28/12/23
Lavado/Planchado,PINZA PARA ROPA PLASTICO GRANDE 12 UN PARANA BLIS,GS.  9.700,https://www.superseis.com.py/images/thumbs/0230382_500.jpeg,28/12/23
Lavado/Planchado,"CUERDA ""BETTANIN"" PARA STENDER ROPA 10MT",GS.  5.400,https://www.superseis.com.py/images/thumbs/0230376_500.jpeg,28/12/23
Lavado/Planchado,REMOVEDOR QUITA PELUSA 50H 100MMX150MM BETTANIN SIN E,GS.  26.300,https://www.superseis.com.py/images/thumbs/0224265_500.jpeg,28/12/23
Lavado/Planchado,PALANGANA SAN REMO PEQUEÑO 5.2LT,GS.  18.900,https://www.superseis.com.py/images/thumbs/0199499_500.jpeg,28/12/23
Lavado/Planchado,CANASTA SAN REMO APILABLE 1.6L 884E,GS.  4.900,https://www.superseis.com.py/images/thumbs/0195864_500.jpeg,28/12/23
Lavado/Planchado,PALANGANA SAN REMO EXTRA GRANDE 230/1E,GS.  54.900,https://www.superseis.com.py/images/thumbs/0195787_500.jpeg,28/12/23
Lavado/Planchado,PALANGANA SAN REMO 5LT OBA 602/7E,GS.  14.900,https://www.superseis.com.py/images/thumbs/0195774_500.jpeg,28/12/23
Lavado/Planchado,PALANGANA SAN REMO 2,GS.  9.900,https://www.superseis.com.py/images/thumbs/0195772_500.jpeg,28/12/23
Lavado/Planchado,CUERDA BLANCA CON 13 MT.,GS.  10.900,https://www.superseis.com.py/images/thumbs/0195270_500.jpeg,28/12/23
Lavado/Planchado,CUERDA SUPERUTIL BLISTER 1 UNIDAD ,GS.  9.900,https://www.superseis.com.py/images/thumbs/0188893_500.jpeg,28/12/23
Tetra,VINO UVITA ROSADO TETRA BRIK 1 LITRO,GS.  19.600,https://www.superseis.com.py/images/thumbs/0253003_500.jpeg,28/12/23
Tetra,VINO UVITA TINTO TETRA BRIK 1 LITRO,GS.  19.600,https://www.superseis.com.py/images/thumbs/0253002_500.jpeg,28/12/23
Tetra,VINO BLANCO UVITA TETRA BRIK 1 LITRO TETRA,GS.  19.600,https://www.superseis.com.py/images/thumbs/0253001_500.jpeg,28/12/23
Tetra,VINO ROSADO TORO TETRA BRIK 1 LITRO BRI,GS.  13.000,https://www.superseis.com.py/images/thumbs/0175770_500.jpeg,28/12/23
Especiales,QUESO CREMO BOURSIN AJO X100 GR FRANCESITO,GS.  9.350,https://www.superseis.com.py/images/thumbs/0253197_500.png,28/12/23
Especiales,QUESO CREMO CAMEMBERT X120 GR FRANCESITO,GS.  15.350,https://www.superseis.com.py/images/thumbs/0251943_500.jpeg,28/12/23
Especiales,TOSHIKO TOFU AHUMADO,GS.  16.000,https://www.superseis.com.py/images/thumbs/0244939_500.jpeg,28/12/23
Especiales,TOSHIKO TOFU QUESO DE SOJA 500 GR,GS.  12.500,https://www.superseis.com.py/images/thumbs/0242939_500.jpeg,28/12/23
Especiales,QUESO UNTABLE CLASICO LIGHT THOLEM 190GR,GS.  20.800,https://www.superseis.com.py/images/thumbs/0240891_500.jpeg,28/12/23
Especiales,QUESO AZUL TRADICIONAL SANCOR xKG,GS.  241.950,https://www.superseis.com.py/images/thumbs/0240882_500.jpeg,28/12/23
Especiales,KIT PARRILLERO 3 QUESOS PROVOLONE JERSEY + FUNDIDOR DE QUESO,GS.  109.000,https://www.superseis.com.py/images/thumbs/0238893_500.jpeg,28/12/23
Especiales,KIT PARRILLERO 2 PROVOLONE JERSEY + FUNDIDOR DE QUESO,GS.  70.600,https://www.superseis.com.py/images/thumbs/0238892_500.jpeg,28/12/23
Especiales,QUESO PROVOLONE PARRILLERO JERSEY xKG,GS.  102.700,https://www.superseis.com.py/images/thumbs/0238889_500.jpeg,28/12/23
Especiales,QUESO AZUL TROZADO SANTA ROSA 140GR,GS.  21.400,https://www.superseis.com.py/images/thumbs/0235703_500.jpeg,28/12/23
Especiales,QUESO EN HORMA AZUL SANTA ROSA xKG,GS.  148.900,https://www.superseis.com.py/images/thumbs/0235700_500.jpeg,28/12/23
Especiales,QUESO PROVOLETA PARRILLERA SANTA ROSA xKG,GS.  207.600,https://www.superseis.com.py/images/thumbs/0235696_500.jpeg,28/12/23
Especiales,QUESO AZUL SHEHUEN xKG,GS.  121.200,https://www.superseis.com.py/images/thumbs/0235691_500.jpeg,28/12/23
Especiales,QUESO CREMA DE CABRA PRESIDENT 125GR,GS.  40.250,https://www.superseis.com.py/images/thumbs/0235438_500.jpeg,28/12/23
Especiales,QUESO EN PORCIONES PRESIDENT 140GR,GS.  23.500,https://www.superseis.com.py/images/thumbs/0235437_500.jpeg,28/12/23
Especiales,QUESO CREMA CAMEMBERT PRESIDENT 125GR,GS.  40.250,https://www.superseis.com.py/images/thumbs/0235430_500.jpeg,28/12/23
Especiales,QUESO ROQUEFORT SOCIETE 100GR,GS.  44.200,https://www.superseis.com.py/images/thumbs/0235420_500.jpeg,28/12/23
Especiales,QUESO MINI FYNBO X KG,GS.  95.000,https://www.superseis.com.py/images/thumbs/0226450_500.jpeg,28/12/23
Especiales,QUESO AZUL TREGAR xKG,GS.  122.550,https://www.superseis.com.py/images/thumbs/0214022_500.jpeg,28/12/23
Especiales,TAPAS DE QUESOS DE CABRA 150GR AL VACIO GARCIA BAQUERO EN V,GS.  64.900,https://www.superseis.com.py/images/thumbs/0210975_500.jpeg,28/12/23
Especiales,QUESO DE CABRA 150 GR GARCIA BAQUERO PAQ ,GS.  51.700,https://www.superseis.com.py/images/thumbs/0210974_500.jpeg,28/12/23
Especiales,QUESO IBERICO CURADO 150GR AL VACIO GARCIA BAQUERO EN V,GS.  45.400,https://www.superseis.com.py/images/thumbs/0210973_500.jpeg,28/12/23
Cremosos,POSTRE SABOR DULCE DE LECHE SER 95GR,GS.  5.000,https://www.superseis.com.py/images/thumbs/0253254_500.jpeg,28/12/23
Cremosos,POSTRE SAB DULCE DE LECHE DANETTE 95 GR,GS.  5.000,https://www.superseis.com.py/images/thumbs/0253253_500.jpeg,28/12/23
Cremosos,POSTRE SAB/DUL/D/LECHE DON?A ANGELA 110GR,GS.  3.300,https://www.superseis.com.py/images/thumbs/0253194_500.jpeg,28/12/23
Cremosos,LACTEOS LA FORTUNA POSTRE CREMOSO SABOR CHOCOLATE 120 GR,GS.  2.650,https://www.superseis.com.py/images/thumbs/0243136_500.jpeg,28/12/23
Cremosos,PUDDING SABOR DULCE DE LECHE LACTOLANDA 120gr,GS.  3.100,https://www.superseis.com.py/images/thumbs/0234215_500.jpeg,28/12/23
Cremosos,PUDDING SABOR VAINILLA LACTOLANDA 120gr,GS.  3.100,https://www.superseis.com.py/images/thumbs/0234214_500.jpeg,28/12/23
Cremosos,PUDDING SABOR CHOCOLATE LACTOLANDA 120gr,GS.  3.100,https://www.superseis.com.py/images/thumbs/0234213_500.jpeg,28/12/23
Cremosos,ARROZ CON LECHE DOÑA ANGELA POTE 200 GR,GS.  4.650,https://www.superseis.com.py/images/thumbs/0226237_500.jpeg,28/12/23
Cremosos,ARROZ CON LECHE 200GR LA PRADERA PLAS,GS.  4.400,https://www.superseis.com.py/images/thumbs/0220601_500.png,28/12/23
Cremosos,POSTRE CHOCOLATE 120GR LA PRADERA POTE,GS.  3.200,https://www.superseis.com.py/images/thumbs/0220599_500.png,28/12/23
Cremosos,POSTRE DULCE DE LECHE 120GR  LA PARDERA POTE ,GS.  3.200,https://www.superseis.com.py/images/thumbs/0218658_500.png,28/12/23
Cremosos,POSTRE TREBOL DULCE DE LECHE POTE 120 GR,GS.  2.900,https://www.superseis.com.py/images/thumbs/0183788_500.jpeg,28/12/23
Cremosos,POSTRE TREBOL FRUTILLA POTE 120 GR,GS.  2.900,https://www.superseis.com.py/images/thumbs/0183784_500.jpeg,28/12/23
