Panes Integrales,PAN DE SANDWICH INTEGRAL DE MASA MADRE BAUDUCCO 400GR,Gs   8.400,https://www.stock.com.py/images/thumbs/0199050_500.jpeg,28/12/23
Panes Integrales,PAN INTEGRAL PARA SANDWICH EL GERMANO 700GR,Gs   19.300,https://www.stock.com.py/images/thumbs/0187182_500.jpeg,28/12/23
Panes Integrales,PAN INTEGRAL CON AVENA EL GERMANO 400GR,Gs   13.700,https://www.stock.com.py/images/thumbs/0187181_500.jpeg,28/12/23
Panes Integrales,PAN INTEGRAL EL GERMANO 400GR,Gs   15.200,https://www.stock.com.py/images/thumbs/0187180_500.jpeg,28/12/23
Panes Integrales,PAN SALVADO SIN SAL EL GERMANO 400GR,Gs   15.800,https://www.stock.com.py/images/thumbs/0187179_500.jpeg,28/12/23
Panes Integrales,PAN ALEMAN DE CENTENO Y 3 SEMILLAS EL GERMANO 600GR,Gs   23.100,https://www.stock.com.py/images/thumbs/0187178_500.jpeg,28/12/23
Panes Integrales,PAN DOBLE SALVADO EL GERMANO 250GR,Gs   9.700,https://www.stock.com.py/images/thumbs/0187177_500.jpeg,28/12/23
Panes Integrales,GALLETA DE AVENA EL GERMANO 210GR,Gs   17.900,https://www.stock.com.py/images/thumbs/0187165_500.jpeg,28/12/23
Panes Integrales,PAN DE SANDWICH CON SEMILLAS BIMBO 650GR,Gs   15.900,https://www.stock.com.py/images/thumbs/0185554_500.jpeg,28/12/23
Panes Integrales,PAN INTEGRAL BIMBO 420GR BSA,Gs   11.500,https://www.stock.com.py/images/thumbs/0172313_500.png,28/12/23
Panes Integrales,PAN INTEGRAL P/SANDWICH 650GR BIMBO BSA,Gs   14.900,https://www.stock.com.py/images/thumbs/0172310_500.png,28/12/23
Panes Integrales,PAN DE SANDWICH INTEGRAL PANTO,Gs   9.500,https://www.stock.com.py/images/thumbs/0172303_500.png,28/12/23
Panes Integrales,PALITO INTEGRAL EL GERMANO 100GR BSA,Gs   5.500,https://www.stock.com.py/images/thumbs/0164622_500.jpeg,28/12/23
Alimento para Gatos,ALIMENTOS HUMEDOS CAT CHOW ADULTOS PESCADO X 0.85 GR,Gs   7.100,https://www.stock.com.py/images/thumbs/0206355_500.jpeg,28/12/23
Alimento para Gatos,ALIMENTO P/GATO GATI/CAR/POLL PURINA 1KG,Gs   31.250,https://www.stock.com.py/images/thumbs/0206054_500.jpeg,28/12/23
Alimento para Gatos,ALIMENTO P/GATO GATI/PES/SALM PURINA 1KG,Gs   31.250,https://www.stock.com.py/images/thumbs/0206053_500.jpeg,28/12/23
Alimento para Gatos,PRIMOGATO ALIMENTO COMPLETO PARA GATITOS SABOR PAVO Y POLLO 85 GR,Gs   6.150,https://www.stock.com.py/images/thumbs/0205548_500.jpeg,28/12/23
Alimento para Gatos,PRIMOGATO ALIMENTO COMPLETO PARA GATOS ADULTOS SABOR PESCADO 85 GR,Gs   6.150,https://www.stock.com.py/images/thumbs/0205546_500.jpeg,28/12/23
Alimento para Gatos,ALIMENTO P/ GATO ATILA MIX 1KG,Gs   19.550,https://www.stock.com.py/images/thumbs/0205545_500.jpeg,28/12/23
Alimento para Gatos,ALIMENTO P/ GATO PRIMOGATO PREM PATE JUNIOR PAVO Y POLLO 150 GR,Gs   9.100,https://www.stock.com.py/images/thumbs/0205542_500.jpeg,28/12/23
Alimento para Gatos,ALIMENTO P/GATO HOGAREÑO SALMON MASTER CAT 3KG,Gs   111.700,https://www.stock.com.py/images/thumbs/0205440_500.jpeg,28/12/23
Alimento para Gatos,ALIMENTO P/GATO ADULT SALMON MASTER DOG,Gs   30.700,https://www.stock.com.py/images/thumbs/0205415_500.jpeg,28/12/23
Alimento para Gatos,PURINA CAT CHOW ESTIRILIZADOS ALIMENTO PARA GATOS 3 KG,Gs   120.500,https://www.stock.com.py/images/thumbs/0200925_500.jpeg,28/12/23
Alimento para Gatos,CAT CHOW ADULTOS PURINA SABOR CARNE Y POLLO 1 KG,Gs   42.850,https://www.stock.com.py/images/thumbs/0200924_500.jpeg,28/12/23
Alimento para Gatos,CAT CHOW ADULTOS PURINA SABOR PESCADO Y POLLO 3 KG,Gs   114.100,https://www.stock.com.py/images/thumbs/0200923_500.jpeg,28/12/23
Alimento para Gatos,CAT CHOW ADULTOS PURINA SABOR PESCADO Y POLLO 1 KG,Gs   42.850,https://www.stock.com.py/images/thumbs/0200922_500.jpeg,28/12/23
Alimento para Gatos,PRIMOGATO ALIMENTO ASADO PARA GATOS ADULTOS SABOR CARNE POLLO Y PESCADO 1 KG,Gs   37.600,https://www.stock.com.py/images/thumbs/0200849_500.jpeg,28/12/23
Alimento para Gatos,PRIMOGATO ALIMENTO ASADO PARA GATITOS SABOR POLLO Y LECHE 1 KG,Gs   37.600,https://www.stock.com.py/images/thumbs/0200848_500.jpeg,28/12/23
Alimento para Gatos,PRIMOGATO ALIMENTO ASADO PARA GATOS CASTRADOS SABOR POLLO 1 KG,Gs   37.600,https://www.stock.com.py/images/thumbs/0200847_500.jpeg,28/12/23
Alimento para Gatos,PRIMOGATO ALIMENTO ASADO ORIGINAL PARA GATOS ADULTOS SABOR CARNE Y POLLO 1 KG,Gs   29.000,https://www.stock.com.py/images/thumbs/0200846_500.jpeg,28/12/23
Alimento para Gatos,PRONTO CAT COMIDA PARA GATOS CRECIMIENTO Y ADULTOS 2.7 KG,Gs   40.550,https://www.stock.com.py/images/thumbs/0200004_500.jpeg,28/12/23
Alimento para Gatos,ALIMENTO PARA GATOS CASTRADOS SABOR MIX DE CARNES WHISKAS 1KG,Gs   44.650,https://www.stock.com.py/images/thumbs/0199047_500.jpeg,28/12/23
Alimento para Gatos,CAT CHOW ESTERILIZADOS PURINA CON SABOR PESCADO Y CARNE 1 KG,Gs   44.250,https://www.stock.com.py/images/thumbs/0197565_500.jpeg,28/12/23
Alimento para Gatos,CAT CHOW ADULTOS PURINA CON CARNE Y POLLO 500 GR,Gs   23.450,https://www.stock.com.py/images/thumbs/0197562_500.jpeg,28/12/23
Alimento para Gatos,FELIX CLASSIC PURINA CON CARNE 85 GR,Gs   6.300,https://www.stock.com.py/images/thumbs/0197166_500.jpeg,28/12/23
Alimento para Gatos,NUGGETS POL/LCH GATOS ADT 500G PRIMOGATO,Gs   19.550,https://www.stock.com.py/images/thumbs/0194035_500.jpeg,28/12/23
Alimento para Gatos,NUGGETS POLLO GATOS CAST 500GR PRIMOGATO,Gs   19.550,https://www.stock.com.py/images/thumbs/0194033_500.jpeg,28/12/23
Alimento para Gatos,ALIMENTO PARA GATO ADULTO CRECIMIENTO PRONTO CAT 1KG,Gs   17.900,https://www.stock.com.py/images/thumbs/0188529_500.jpeg,28/12/23
Alimento para Gatos,ALIMENTO PARA GATO MASTER CAT CARN/LECHE 1KG,Gs   40.500,https://www.stock.com.py/images/thumbs/0184290_500.jpeg,28/12/23
Alimento para Gatos,ALIMENTOS HUMEDOS CAT CHOW ADULTOS POLLO X 0.85 GR,Gs   7.100,https://www.stock.com.py/images/thumbs/0181426_500.jpeg,28/12/23
Manteca,MANTECA CLASICA SANCOR 200GR,Gs   33.100,https://www.stock.com.py/images/thumbs/0195952_500.jpeg,28/12/23
Manteca,MANTECA CLASICA SANCOR 100GR,Gs   14.550,https://www.stock.com.py/images/thumbs/0195951_500.jpeg,28/12/23
Manteca,MANTECA SIN SAL EN BARRA PRESIDENT 200GR,Gs   19.200,https://www.stock.com.py/images/thumbs/0187568_500.jpeg,28/12/23
Manteca,MANTENCA LA SERENISIMA 200GR,Gs   19.950,https://www.stock.com.py/images/thumbs/0178782_500.jpeg,28/12/23
Manteca,MANTECA SIN SAL E/PAN 200GR LACTOLANDA,Gs   12.300,https://www.stock.com.py/images/thumbs/0161573_500.jpeg,28/12/23
Manteca,MANTECA LACTOLANDA PAP 200 GR,Gs   12.300,https://www.stock.com.py/images/thumbs/0161570_500.jpeg,28/12/23
Negras,CERVEZA NEGRA ERDINGER 500ML,Gs   14.400,https://www.stock.com.py/images/thumbs/0180113_500.jpeg,28/12/23
Arroz,ARROZ A GRANEL ARROCIN,Gs   3.200,https://www.stock.com.py/images/thumbs/0202418_500.jpeg,28/12/23
Arroz,DO VALE ARROZ PEROLA 500 GR,Gs   20.450,https://www.stock.com.py/images/thumbs/0197337_500.jpeg,28/12/23
Arroz,SAN GENARO ARROZ 6 SEMILLAS 1 KG,Gs   32.300,https://www.stock.com.py/images/thumbs/0197165_500.jpeg,28/12/23
Arroz,ARROZ GLASE TIPO I 1 KG STOCK PAQ,Gs   6.300,https://www.stock.com.py/images/thumbs/0188027_500.jpeg,28/12/23
Arroz,ARROZ LARGO FINO TIPO I MICKEY 500GR,Gs   5.150,https://www.stock.com.py/images/thumbs/0186549_500.jpeg,28/12/23
Arroz,ARROZ LARGO FINO TIPO I MICKEY 250GR,Gs   2.750,https://www.stock.com.py/images/thumbs/0186548_500.jpeg,28/12/23
Arroz,ARROZ LARGO FINO TIPO I MICKEY 1KG,Gs   10.100,https://www.stock.com.py/images/thumbs/0186547_500.jpeg,28/12/23
Arroz,ARROZ COTIDIANO INTEGRAL 1KG PAQ,Gs   13.800,https://www.stock.com.py/images/thumbs/0182395_500.jpeg,28/12/23
Arroz,ARROZ LARGO FINO STANDARD TIPO III 1 KG STOCK PAQ,Gs   5.550,https://www.stock.com.py/images/thumbs/0180641_500.jpeg,28/12/23
Arroz,ARROZ TIO MINGOTE PAQUETE 1 KG,Gs   11.400,https://www.stock.com.py/images/thumbs/0179133_500.jpeg,28/12/23
Arroz,ARROZ TIO NICO AZUL 250GR,Gs   1.850,https://www.stock.com.py/images/thumbs/0172687_500.jpeg,28/12/23
Arroz,ARROZ TIO NICO ROJO 250GR,Gs   1.950,https://www.stock.com.py/images/thumbs/0172686_500.jpeg,28/12/23
Arroz,ARROZ TIO NICO BOLSA 500 GR 0000,Gs   3.750,https://www.stock.com.py/images/thumbs/0172685_500.jpeg,28/12/23
Arroz,ARROZ TIO NICO BOLSA 500 GR 0000,Gs   3.550,https://www.stock.com.py/images/thumbs/0172684_500.jpeg,28/12/23
Arroz,ARROZ TIO NICO BOLSA 2 KG.,Gs   13.550,https://www.stock.com.py/images/thumbs/0172683_500.jpeg,28/12/23
Arroz,ARROZ TIO NICO BOLSA 2 KG.,Gs   13.000,https://www.stock.com.py/images/thumbs/0172682_500.jpeg,28/12/23
Arroz,ARROZ TIO NICO BOLSA 5 KG ARROCI,Gs   14.950,https://www.stock.com.py/images/thumbs/0172681_500.jpeg,28/12/23
Arroz,ARROZ TIO NICO BOLSA 5 KG.,Gs   31.800,https://www.stock.com.py/images/thumbs/0172680_500.jpeg,28/12/23
Arroz,ARROZ TIO NICO BOLSA 5 KG 00000,Gs   33.000,https://www.stock.com.py/images/thumbs/0172678_500.jpeg,28/12/23
Arroz,ARROZ TIO NICO BOLSA 1 KG.,Gs   6.850,https://www.stock.com.py/images/thumbs/0172677_500.jpeg,28/12/23
Arroz,ARROZ A GRANEL TIPO III KG,Gs   6.600,https://www.stock.com.py/images/thumbs/0159628_500.jpeg,28/12/23
Arroz,ARROZ PARBOLIZADO VERDE 1KG SUN BSA,Gs   6.900,https://www.stock.com.py/images/thumbs/0159263_500.jpeg,28/12/23
Arroz,ARROZ SUPREMO BOLSA 1 KG 3,Gs   6.100,https://www.stock.com.py/images/thumbs/0159193_500.jpeg,28/12/23
Arroz,ARROZ CHINES INTEGRAL BOLSA 1KG,Gs   17.800,https://www.stock.com.py/images/thumbs/0156262_500.jpeg,28/12/23
Arroz,ARROZ CHINES LARGO FINO BOLSA 1 KG.,Gs   14.400,https://www.stock.com.py/images/thumbs/0156260_500.jpeg,28/12/23
Arroz,ARROZ TIO JOAO INTEGRAL 500 GR.,Gs   7.200,https://www.stock.com.py/images/thumbs/0154891_500.jpeg,28/12/23
Arroz,ARROZ TIO JOAO INTEGRAL 1KG,Gs   14.400,https://www.stock.com.py/images/thumbs/0154890_500.jpeg,28/12/23
Arroz,ARROZ COTIDIANO T1 ROJO PAQUETE 500GR,Gs   4.450,https://www.stock.com.py/images/thumbs/0153117_500.jpeg,28/12/23
Terere/Mate,SUPERUTIL BOMBILLA INOXIDABLE COLOR VIOL,Gs   14.500,https://www.stock.com.py/images/thumbs/0203224_500.jpeg,28/12/23
Terere/Mate,SUPERUTIL BOMBILLA INOXIDABLE COLOR ROJO,Gs   14.500,https://www.stock.com.py/images/thumbs/0203223_500.jpeg,28/12/23
Terere/Mate,PINNACLE TERMO PARA AGUA FRIA PLUTO 2.5 LITROS,Gs   45.900,https://www.stock.com.py/images/thumbs/0201018_500.jpeg,28/12/23
Terere/Mate,TERMO BALA KEEP 1 LTR,Gs   193.000,https://www.stock.com.py/images/thumbs/0200888_500.jpeg,28/12/23
Terere/Mate,TERMOLAR GUAMPA PARA MATE INOXIDABLE TUPI GRIS 250 ML,Gs   222.800,https://www.stock.com.py/images/thumbs/0200568_500.jpeg,28/12/23
Terere/Mate,TERMOLAR GUAMPA PARA MATE INOXIDABLE TUPI BRONCE 250 ML,Gs   222.800,https://www.stock.com.py/images/thumbs/0200567_500.jpeg,28/12/23
Terere/Mate,TERMOLAR GUAMPA PARA MATE INOXIDABLE TUPI NEGRO 250 ML,Gs   222.800,https://www.stock.com.py/images/thumbs/0200566_500.jpeg,28/12/23
Terere/Mate,SUPERUTIL BOMBILLA ALPACA TORCIDA PUNTA DORADA,Gs   39.300,https://www.stock.com.py/images/thumbs/0200128_500.jpeg,28/12/23
Terere/Mate,SUPERUTIL BOMBILLA DE ALPACA TORCIDA PUNTA DORADA,Gs   39.300,https://www.stock.com.py/images/thumbs/0200127_500.jpeg,28/12/23
Terere/Mate,SUPERUTIL BOMBILLA DE ALPACA TORCIDA PICO LARGO DORADO,Gs   39.300,https://www.stock.com.py/images/thumbs/0200126_500.jpeg,28/12/23
Terere/Mate,SUPERUTIL BOMBILLA DE ALPACA TORCIDA,Gs   37.700,https://www.stock.com.py/images/thumbs/0200124_500.jpeg,28/12/23
Terere/Mate,SUPERUTIL BOMBILLA DE ALPACA TORCIDA PICO LARGO,Gs   37.700,https://www.stock.com.py/images/thumbs/0200123_500.jpeg,28/12/23
Terere/Mate,SUPERUTIL BOMBILLA DE ALPACA PICO LARGO,Gs   37.700,https://www.stock.com.py/images/thumbs/0200122_500.jpeg,28/12/23
Terere/Mate,SUPERUTIL PORONGO DE CUERINA CHICO PARA MATE,Gs   19.000,https://www.stock.com.py/images/thumbs/0198131_500.jpeg,28/12/23
Terere/Mate,SUPERUTIL GUAMPA DE CUERINA GRANDE PARA MATE,Gs   22.100,https://www.stock.com.py/images/thumbs/0198130_500.jpeg,28/12/23
Terere/Mate,SUPERUTIL GUAMPA DE CUERO CON RELIEVE PARA TERERE,Gs   37.900,https://www.stock.com.py/images/thumbs/0198125_500.jpeg,28/12/23
Terere/Mate,SUPERUTIL GUAMPINKI DE CUERO ESTAMPADO PARA MATE,Gs   34.800,https://www.stock.com.py/images/thumbs/0198123_500.jpeg,28/12/23
Terere/Mate,SUPERUTIL GUAMPINKI DE CUERO PARA MATE,Gs   31.600,https://www.stock.com.py/images/thumbs/0198122_500.jpeg,28/12/23
Terere/Mate,SUPERUTIL GUAMPA DE CUERO ESTAMPADO CHICO PARA MATE,Gs   34.800,https://www.stock.com.py/images/thumbs/0198120_500.jpeg,28/12/23
Terere/Mate,SUPERUTIL GUAMPA DE CUERO ESTAMPADO PARA MATE,Gs   37.900,https://www.stock.com.py/images/thumbs/0198119_500.jpeg,28/12/23
Terere/Mate,SUPERUTIL GUAMPA DE CUERO REPUJADO PARA TERERE,Gs   34.800,https://www.stock.com.py/images/thumbs/0198118_500.jpeg,28/12/23
Terere/Mate,SUPERUTIL PORONGO DE CUERINA PARA MATE,Gs   22.100,https://www.stock.com.py/images/thumbs/0198117_500.jpeg,28/12/23
Terere/Mate,SUPERUTIL GUAMPINKI DE CUERINA PARA MATE,Gs   19.000,https://www.stock.com.py/images/thumbs/0198116_500.jpeg,28/12/23
Terere/Mate,INDIO HOPPY PARA TERERE PERSONAL DE ACERO INOXIDABLE 450 ML,Gs   99.900,https://www.stock.com.py/images/thumbs/0197149_500.jpeg,28/12/23
Terere/Mate,INDIO KIT TERERE 1 GUAMPA DE ACERO INOXIDABLE + 1 BOMBILLA,Gs   109.900,https://www.stock.com.py/images/thumbs/0197144_500.jpeg,28/12/23
Terere/Mate,INDIO KIT MATE 1 GUAMPA PALO SANTO + 1 BOMBILLA,Gs   99.900,https://www.stock.com.py/images/thumbs/0197142_500.jpeg,28/12/23
Terere/Mate,INDIO TERMO PARA TERERE 2 LITROS + 1 GUAMPA,Gs   249.900,https://www.stock.com.py/images/thumbs/0197139_500.jpeg,28/12/23
Terere/Mate,INDIO TERMO DE ACERO INOXIDABLE CON FAJA + 1 GUAMPA + 1 BOMBILLA,Gs   199.900,https://www.stock.com.py/images/thumbs/0197137_500.jpeg,28/12/23
Manteca,MANTECA CLASICA SANCOR 200GR,Gs   33.100,https://www.stock.com.py/images/thumbs/0195952_500.jpeg,28/12/23
Manteca,MANTECA CLASICA SANCOR 100GR,Gs   14.550,https://www.stock.com.py/images/thumbs/0195951_500.jpeg,28/12/23
Manteca,MANTECA SIN SAL EN BARRA PRESIDENT 200GR,Gs   19.200,https://www.stock.com.py/images/thumbs/0187568_500.jpeg,28/12/23
Manteca,MANTENCA LA SERENISIMA 200GR,Gs   19.950,https://www.stock.com.py/images/thumbs/0178782_500.jpeg,28/12/23
Manteca,MANTECA SIN SAL E/PAN 200GR LACTOLANDA,Gs   12.300,https://www.stock.com.py/images/thumbs/0161573_500.jpeg,28/12/23
Manteca,MANTECA LACTOLANDA PAP 200 GR,Gs   12.300,https://www.stock.com.py/images/thumbs/0161570_500.jpeg,28/12/23
Conservadora/Champañera,CONSERVADORA SOPRANO TROPICAL 12L NEGRO,Gs   84.900,https://www.stock.com.py/images/thumbs/0207424_500.png,28/12/23
Conservadora/Champañera,CONSERVADORA SOPRANO TROPICAL 5L NEGRO,Gs   47.900,https://www.stock.com.py/images/thumbs/0207421_500.jpeg,28/12/23
Conservadora/Champañera,CHAMPAÑERA D/ACERO DAYO REF 5L,Gs   32.900,https://www.stock.com.py/images/thumbs/0207227_500.jpeg,28/12/23
Conservadora/Champañera,CONSERVADORA SOPRANO TROPICAL 32L AZUL,Gs   104.900,https://www.stock.com.py/images/thumbs/0202499_500.jpeg,28/12/23
Conservadora/Champañera,MAST VASO DOBLE PARED TERMICO CON ABRIDOR COLORES SURTIDOS 510 ML,Gs   45.900,https://www.stock.com.py/images/thumbs/0201024_500.jpeg,28/12/23
Conservadora/Champañera,MAST VASO DOBLE PARED TERMICO CON ABRIDOR COLORES VARIOS 510 ML,Gs   45.900,https://www.stock.com.py/images/thumbs/0201020_500.jpeg,28/12/23
Conservadora/Champañera,SOPRANO CONSERVADORA TROPICAL COLOR NEGRO 28 LITROS,Gs   99.900,https://www.stock.com.py/images/thumbs/0200708_500.jpeg,28/12/23
Conservadora/Champañera,TERMOLAR TERMO DE MESA CHIMARRITA ROJO 1 LITRO,Gs   58.500,https://www.stock.com.py/images/thumbs/0200558_500.jpeg,28/12/23
Conservadora/Champañera,TERMOLAR TERMO DE MESA CHIMARRITA ROSADO 1 LITRO,Gs   58.500,https://www.stock.com.py/images/thumbs/0200557_500.jpeg,28/12/23
Conservadora/Champañera,MATE BOMBILLA KEEP,Gs   100.000,https://www.stock.com.py/images/thumbs/0199371_500.jpeg,28/12/23
Conservadora/Champañera,VASO PARA TE KEEP 450 ML,Gs   76.500,https://www.stock.com.py/images/thumbs/0199369_500.jpeg,28/12/23
Conservadora/Champañera,TAZA KEEP 400 ML,Gs   79.000,https://www.stock.com.py/images/thumbs/0199367_500.jpeg,28/12/23
Conservadora/Champañera,BOTELLA DEP P/AGUA 750ML COL VAR LIFE Y LIVNG S/E REF XG2626,Gs   32.500,https://www.stock.com.py/images/thumbs/0189459_500.jpeg,28/12/23
Conservadora/Champañera,BOTELLA DEP 750ML COLOR  GRIS LIFE Y LIVING REFXG2626 ,Gs   32.500,https://www.stock.com.py/images/thumbs/0182532_500.jpeg,28/12/23
Conservadora/Champañera,BOTELLA DEP 750ML COLOR  FUCSIA LIFE Y LIVING REFXG/2626 ,Gs   32.500,https://www.stock.com.py/images/thumbs/0182531_500.jpeg,28/12/23
Conservadora/Champañera,BOTELLA DEP P/AGUA 750ML LIFE Y LIVNG S/E REF XG2626,Gs   29.900,https://www.stock.com.py/images/thumbs/0164428_500.jpeg,28/12/23
Conservadora/Champañera,CONSERVADORA SOPRANO TROPICAL 12L AZUL,Gs   84.900,https://www.stock.com.py/images/thumbs/noDefaultImage_stock_500.gif,28/12/23
Conservadora/Champañera,CONSERVADORA SOPRANO TROPICAL 32L NEGRO,Gs   104.900,https://www.stock.com.py/images/thumbs/noDefaultImage_stock_500.gif,28/12/23
Conservadora/Champañera,CONSERVADORA SOPRANO TROPICAL 32L ROJO,Gs   104.900,https://www.stock.com.py/images/thumbs/noDefaultImage_stock_500.gif,28/12/23
Conservadora/Champañera,CONSERVADORA SOPRANO TROPICAL 5L ROJO,Gs   47.900,https://www.stock.com.py/images/thumbs/noDefaultImage_stock_500.gif,28/12/23
Conservadora/Champañera,CONSERVADORA SOPRANO TROPICAL 12L ROJO,Gs   84.900,https://www.stock.com.py/images/thumbs/noDefaultImage_stock_500.gif,28/12/23
Conservadora/Champañera,CONSERVADORA SOPRANO TROPICAL 5L AZUL,Gs   47.900,https://www.stock.com.py/images/thumbs/noDefaultImage_stock_500.gif,28/12/23
Verduras De Hoja,RUDA X MAZO,Gs   1.650,https://www.stock.com.py/images/thumbs/0207006_500.jpeg,28/12/23
Verduras De Hoja,ACHICORIA BLANCA X MAZO,Gs   1.150,https://www.stock.com.py/images/thumbs/0206986_500.jpeg,28/12/23
Verduras De Hoja,HINOJO X UN,Gs   3.800,https://www.stock.com.py/images/thumbs/0206238_500.jpeg,28/12/23
Verduras De Hoja,OREGANO 1 MZ ORGANICA,Gs   1.100,https://www.stock.com.py/images/thumbs/0206224_500.jpeg,28/12/23
Verduras De Hoja,LECHUGA 1 KG REPOLLADA,Gs   19.000,https://www.stock.com.py/images/thumbs/0166616_500.png,28/12/23
Verduras De Hoja,LECHUGA PIRATI X MZ,Gs   7.100,https://www.stock.com.py/images/thumbs/0166615_500.jpeg,28/12/23
Verduras De Hoja,LECHUGA MANTECOSA X UN,Gs   7.350,https://www.stock.com.py/images/thumbs/0166614_500.png,28/12/23
Verduras De Hoja,LECHUGA MIMOSA MORADA,Gs   7.350,https://www.stock.com.py/images/thumbs/0166033_500.jpeg,28/12/23
Verduras De Hoja,ACELGA CHINA X MAZO,Gs   2.050,https://www.stock.com.py/images/thumbs/0163753_500.jpeg,28/12/23
Verduras De Hoja,ACELGA 1 KG JAPONES,Gs   26.600,https://www.stock.com.py/images/thumbs/0163752_500.jpeg,28/12/23
Verduras De Hoja,REPOLLO 1 KG MORADO,Gs   18.350,https://www.stock.com.py/images/thumbs/0157639_500.jpeg,28/12/23
Verduras De Hoja,REPOLLO 1 KG BLANCO,Gs   9.000,https://www.stock.com.py/images/thumbs/0157638_500.jpeg,28/12/23
Verduras De Hoja,BROCOLI X UN,Gs   10.750,https://www.stock.com.py/images/thumbs/0138758_500.jpeg,28/12/23
Verduras De Hoja,ROMERO X MAZO,Gs   1.900,https://www.stock.com.py/images/thumbs/0138756_500.jpeg,28/12/23
Verduras De Hoja,PUERRO X UND,Gs   2.550,https://www.stock.com.py/images/thumbs/0138755_500.jpeg,28/12/23
Verduras De Hoja,APIO X UN,Gs   2.550,https://www.stock.com.py/images/thumbs/0138754_500.jpeg,28/12/23
Verduras De Hoja,TOMILLO X UNIDAD,Gs   2.300,https://www.stock.com.py/images/thumbs/0138753_500.jpeg,28/12/23
Verduras De Hoja,RUCULA X UNIDAD,Gs   2.550,https://www.stock.com.py/images/thumbs/0138752_500.jpeg,28/12/23
Verduras De Hoja,PEREJIL X UN,Gs   1.900,https://www.stock.com.py/images/thumbs/0138749_500.jpeg,28/12/23
Verduras De Hoja,OREGANO X UN,Gs   1.400,https://www.stock.com.py/images/thumbs/0138748_500.jpeg,28/12/23
Verduras De Hoja,LECHUGA BLANCA X UN,Gs   7.350,https://www.stock.com.py/images/thumbs/0138742_500.jpeg,28/12/23
Verduras De Hoja,LAUREL X UNIDAD,Gs   950,https://www.stock.com.py/images/thumbs/0138741_500.jpeg,28/12/23
Verduras De Hoja,KURATU X MAZO,Gs   3.050,https://www.stock.com.py/images/thumbs/0138740_500.jpeg,28/12/23
Verduras De Hoja,KOBE X MZ,Gs   1.250,https://www.stock.com.py/images/thumbs/0138739_500.jpeg,28/12/23
Verduras De Hoja,ESPINACA NEGRA X UN,Gs   2.050,https://www.stock.com.py/images/thumbs/0138738_500.jpeg,28/12/23
Verduras De Hoja,ESPINACA BLANCA X UN,Gs   2.300,https://www.stock.com.py/images/thumbs/0138737_500.jpeg,28/12/23
Verduras De Hoja,CEBOLLITA DE HOJA X UN,Gs   1.150,https://www.stock.com.py/images/thumbs/0138735_500.jpeg,28/12/23
Verduras De Hoja,BERRO X MAZO,Gs   2.550,https://www.stock.com.py/images/thumbs/0138734_500.jpeg,28/12/23
Planchado de Ropas,ASI PERFUME DE TELAS BABY DREAM 300 ML,Gs   19.800,https://www.stock.com.py/images/thumbs/0203702_500.jpeg,28/12/23
Planchado de Ropas,ASI PERFUME DE TELAS PINK POWER 300 ML,Gs   19.800,https://www.stock.com.py/images/thumbs/0203700_500.jpeg,28/12/23
Planchado de Ropas,PLANCHA FACIL FLORAL FLORAL 500ML,Gs   13.900,https://www.stock.com.py/images/thumbs/0198913_500.jpeg,28/12/23
Planchado de Ropas,PLANCHA FACIL ARMONIA MARAVILLA 500ML,Gs   13.900,https://www.stock.com.py/images/thumbs/0198912_500.jpeg,28/12/23
Planchado de Ropas,SPRAY FACILITADOR DE PLANCHA COMFORT 500ML,Gs   18.700,https://www.stock.com.py/images/thumbs/0195639_500.jpeg,28/12/23
Planchado de Ropas,PLANCHA FACIL BASE BASE AMARILLO SIN PULV. 500 CC,Gs   10.900,https://www.stock.com.py/images/thumbs/0167072_500.png,28/12/23
Planchado de Ropas,PLANCHA FACIL BASE BASE CELESTE SIN PULV 500 CC,Gs   10.900,https://www.stock.com.py/images/thumbs/0167071_500.png,28/12/23
Planchado de Ropas,APRESTO BASE BASE CELESTE GAT 500ML,Gs   15.300,https://www.stock.com.py/images/thumbs/0166637_500.png,28/12/23
Planchado de Ropas,APRESTO ROBIN REPUESTO DP 900ML,Gs   30.800,https://www.stock.com.py/images/thumbs/0144868_500.jpeg,28/12/23
Planchado de Ropas,APRESTO ROBIN REPUESTO DP 500ML,Gs   16.500,https://www.stock.com.py/images/thumbs/0144525_500.jpeg,28/12/23
Verduras,ARVEJAS 500GR FRUTOS DEL MAIPO PAQ,Gs   17.550,https://www.stock.com.py/images/thumbs/0179806_500.jpeg,28/12/23
Verduras,CHOCLO E/GRANOS 500GR FRUTOS DEL MAIPO PAQ,Gs   17.000,https://www.stock.com.py/images/thumbs/0179805_500.jpeg,28/12/23
Verduras,CHOCLO E/GRANOS 200GR FRUTOS DEL MAIPO PAQ,Gs   10.100,https://www.stock.com.py/images/thumbs/0179804_500.jpeg,28/12/23
Verduras,PRIMAVERA 200GR FRUTOS DEL MAIPO PAQ,Gs   8.800,https://www.stock.com.py/images/thumbs/0179803_500.jpeg,28/12/23
Verduras,ENSALADA RUSA 450GR FRUTOS DEL MAIPO PAQ,Gs   22.500,https://www.stock.com.py/images/thumbs/0179802_500.jpeg,28/12/23
Verduras,ENSALADA JARDINERA 450GR FRUTOS DEL MAIPO PAQ,Gs   21.000,https://www.stock.com.py/images/thumbs/0179801_500.jpeg,28/12/23
Verduras,MIX DE FRUTAS TROPICAL 400GR FRUTOS DEL MAIPO PAQ,Gs   38.000,https://www.stock.com.py/images/thumbs/0179797_500.jpeg,28/12/23
Verduras,MIX D/BERRIES 400GR FRUTOS DEL MAIPO PAQ,Gs   40.000,https://www.stock.com.py/images/thumbs/0179795_500.jpeg,28/12/23
Verduras,SALTEADO D/THAI WOK 500GR FRUTOS DEL MAIPO PAQ,Gs   25.700,https://www.stock.com.py/images/thumbs/0179794_500.jpeg,28/12/23
Verduras,SALTEADO D/CHAP 500GR SUI WOK FRUTOS DEL MAIPO PAQ,Gs   24.600,https://www.stock.com.py/images/thumbs/0179793_500.jpeg,28/12/23
Verduras,FRAMBUESAS 250GR FRUTOS DEL MAIPO PAQ,Gs   38.600,https://www.stock.com.py/images/thumbs/0179790_500.jpeg,28/12/23
Verduras,FRUTILLAS 450GRA FRUTOS DEL MAIPO PAQ,Gs   33.350,https://www.stock.com.py/images/thumbs/0179789_500.jpeg,28/12/23
Verduras,ENSALADA PRIMAVERA 500GR FRUTOS DEL MAIPO PAQ,Gs   21.000,https://www.stock.com.py/images/thumbs/0179787_500.jpeg,28/12/23
Verduras,CHAMPIÑON LAMINADO IV BSA,Gs   63.050,https://www.stock.com.py/images/thumbs/0174150_500.jpeg,28/12/23
Verduras,ZANAHORIA BABY 1KG JV PQTE,Gs   40.500,https://www.stock.com.py/images/thumbs/0174148_500.jpeg,28/12/23
Verduras,SALTEADO DE VERDURAS 1KG JV PQTE,Gs   41.400,https://www.stock.com.py/images/thumbs/0174146_500.jpeg,28/12/23
Verduras,MAIZ DULCE CHOCLO JV X 1KG BSA ,Gs   36.300,https://www.stock.com.py/images/thumbs/0174144_500.jpeg,28/12/23
Verduras,COLIFLOR IV BSA,Gs   37.500,https://www.stock.com.py/images/thumbs/0174141_500.jpeg,28/12/23
Verduras,CHAUCHAS JUDIAS PLANAS 1KG JV PQTE,Gs   31.900,https://www.stock.com.py/images/thumbs/0174139_500.jpeg,28/12/23
Verduras,GUISANTE ARVEJAS IV BSA,Gs   35.100,https://www.stock.com.py/images/thumbs/0165832_500.jpeg,28/12/23
Verduras,ARVEJA MINUTO VERDE 500GR,Gs   14.000,https://www.stock.com.py/images/thumbs/0165485_500.jpeg,28/12/23
Verduras,ESPARRAGOS MINUTO VERDE 350GR,Gs   26.600,https://www.stock.com.py/images/thumbs/0165484_500.jpeg,28/12/23
Verduras,COLIFLOR MINUTO VERDE 350GR,Gs   12.050,https://www.stock.com.py/images/thumbs/0165483_500.jpeg,28/12/23
Verduras,BROCOLI MINUTO VERDE 350GR,Gs   12.050,https://www.stock.com.py/images/thumbs/0165482_500.jpeg,28/12/23
Verduras,MAIZ EN GRANO MINUTO VERDE,Gs   14.000,https://www.stock.com.py/images/thumbs/0147368_500.jpeg,28/12/23
Plumeros,PLUMERO NRO 8 LAVA MIL,Gs   41.500,https://www.stock.com.py/images/thumbs/0202559_500.jpeg,28/12/23
Plumeros,PLUMERO NRO 2 LAVA MIL,Gs   23.900,https://www.stock.com.py/images/thumbs/0202557_500.jpeg,28/12/23
Plumeros,PLUMERO NRO 10 LAVA MIL,Gs   55.900,https://www.stock.com.py/images/thumbs/0192341_500.jpeg,28/12/23
Para Niños,JUGUETE GUERRERO D/ESPAC BLI PICAPAU 768,Gs   69.900,https://www.stock.com.py/images/thumbs/0205666_500.png,28/12/23
Para Niños,JUGUETE TIRO AL BLANCO MK BLIS MKQ401004,Gs   15.500,https://www.stock.com.py/images/thumbs/0205643_500.png,28/12/23
Para Niños,JUGUETE JUEGO D/TALADRO CJA MKM487570,Gs   83.900,https://www.stock.com.py/images/thumbs/0205636_500.png,28/12/23
Para Niños,JUGUETE SET D/FERRETERIA CJA MKM247027,Gs   156.900,https://www.stock.com.py/images/thumbs/0205623_500.png,28/12/23
Para Niños,RECARGA BLAZE STORM C/ 20 DARDOS 6606 XPLAST,Gs   20.900,https://www.stock.com.py/images/thumbs/0205584_500.jpeg,28/12/23
Para Niños,SET DE PISTOLAS LANZA DARDO BLAZE C/ 10 DARDOS 6601 XPLAST,Gs   73.500,https://www.stock.com.py/images/thumbs/0205582_500.jpeg,28/12/23
Para Niños,MARVEL IRONMAN MU?ECO DE ACCION,Gs   79.900,https://www.stock.com.py/images/thumbs/0199508_500.jpeg,28/12/23
Para Niños,JUGUETE PISTOLA D/AGUA DY REF 32878/2901,Gs   26.000,https://www.stock.com.py/images/thumbs/noDefaultImage_stock_500.gif,28/12/23
Para Niños,JUGUETE ESPADA C/MUSICA MK MKQ403524,Gs   22.900,https://www.stock.com.py/images/thumbs/noDefaultImage_stock_500.gif,28/12/23
Para Niños,JUGUETE TRANSFORMER DY DINO,Gs   234.900,https://www.stock.com.py/images/thumbs/noDefaultImage_stock_500.gif,28/12/23
Para Niños,JUGUETE ROBOT CONVERT DY REF 0783-367,Gs   159.900,https://www.stock.com.py/images/thumbs/noDefaultImage_stock_500.gif,28/12/23
Para Niños,JUGUETE PISTA C/AUTO DY REF. 17825,Gs   99.900,https://www.stock.com.py/images/thumbs/noDefaultImage_stock_500.gif,28/12/23
Para Niños,JUGUETE DINOSAURIO DY REF. 075-20,Gs   82.500,https://www.stock.com.py/images/thumbs/noDefaultImage_stock_500.gif,28/12/23
Para Niños,.,Gs   82.500,https://www.stock.com.py/images/thumbs/noDefaultImage_stock_500.gif,28/12/23
Para Niños,JUGUETE ROBOT 5 PIEZAS DY REF767-1,Gs   19.900,https://www.stock.com.py/images/thumbs/noDefaultImage_stock_500.gif,28/12/23
Para Niños,JUGUETE ARCO FUTBO DY REF3363-1,Gs   139.900,https://www.stock.com.py/images/thumbs/noDefaultImage_stock_500.gif,28/12/23
Para Niños,JUGUETE GUANTES DE BOXEO DY REF258-18,Gs   49.500,https://www.stock.com.py/images/thumbs/noDefaultImage_stock_500.gif,28/12/23
Para Niños,JUGUETE D/BOXEO C/GUANTE DY REF258A-6,Gs   139.500,https://www.stock.com.py/images/thumbs/noDefaultImage_stock_500.gif,28/12/23
Para Niños,JUGUETE JGO D/BOXEO CJA MK REF MKL928616 MK x 24,Gs   159.900,https://www.stock.com.py/images/thumbs/noDefaultImage_stock_500.gif,28/12/23
Para Niños,JUGUETE JGO D/HERRAMIENTA CJA MKM590521,Gs   89.900,https://www.stock.com.py/images/thumbs/noDefaultImage_stock_500.gif,28/12/23
Para Niños,JUGUETE SET D/BOLOS CARDOSO REF 7001,Gs   49.900,https://www.stock.com.py/images/thumbs/noDefaultImage_stock_500.gif,28/12/23
Para Niños,JUGUETE MASCOTA PERRO MEU CJA ANJO 2234,Gs   89.900,https://www.stock.com.py/images/thumbs/noDefaultImage_stock_500.gif,28/12/23
Para Niños,JUGUETE JGO D/VETERINARIA MEU CJA ANJO 979,Gs   169.900,https://www.stock.com.py/images/thumbs/noDefaultImage_stock_500.gif,28/12/23
Para Niños,JUGUETE MASCOTA GATO MEU CJA ANJO 2237,Gs   89.900,https://www.stock.com.py/images/thumbs/noDefaultImage_stock_500.gif,28/12/23
Para Niños,JUGUETE BOXEO DY MEDIANO,Gs   98.900,https://www.stock.com.py/images/thumbs/noDefaultImage_stock_500.gif,28/12/23
Para Niños,JUGUETE PISTOLA DY C/BALINES,Gs   42.900,https://www.stock.com.py/images/thumbs/noDefaultImage_stock_500.gif,28/12/23
Para Niños,JUGUETE DINOSAURIO DY,Gs   34.900,https://www.stock.com.py/images/thumbs/noDefaultImage_stock_500.gif,28/12/23
Para Niños,JUGUETE KIT DE HERRAMIENTAS DY GRANDE,Gs   64.900,https://www.stock.com.py/images/thumbs/noDefaultImage_stock_500.gif,28/12/23
Manzana/Pera,PERA DE AGUA EXTRA EN BANDEJA,Gs   17.300,https://www.stock.com.py/images/thumbs/0167517_500.jpeg,28/12/23
Manzana/Pera,MANZANA 1 KG VERDEVERDE,Gs   22.150,https://www.stock.com.py/images/thumbs/0167515_500.jpeg,28/12/23
Manzana/Pera,PERA ARGENTINA POR KILO,Gs   15.050,https://www.stock.com.py/images/thumbs/0167413_500.jpeg,28/12/23
Manzana/Pera,MANZANA 1 KG ROJA,Gs   19.000,https://www.stock.com.py/images/thumbs/0167412_500.jpeg,28/12/23
Manzana/Pera,MANZANA COLEGIALA,Gs   17.450,https://www.stock.com.py/images/thumbs/0167411_500.jpeg,28/12/23
Manzana/Pera,MANZANA VERDE EXTRA EN BANDEJA,Gs   25.450,https://www.stock.com.py/images/thumbs/0157636_500.jpeg,28/12/23
Manzana/Pera,MANZANA COLEGIALA EN BANDEJA 6 UNIDADES POR KILO,Gs   20.050,https://www.stock.com.py/images/thumbs/0138894_500.jpeg,28/12/23
Gelatinas,GELATINA SABOR FRUTILLA DIETALAT PARMALAT 180GR,Gs   2.500,https://www.stock.com.py/images/thumbs/0187590_500.jpeg,28/12/23
Gelatinas,GELATINA SABOR TUTTI FRUTTI PARMALAT 125GR,Gs   1.800,https://www.stock.com.py/images/thumbs/0187585_500.jpeg,28/12/23
Gelatinas,GELATINAS PARMALAT GELATINA SABOR NARANJA PARMALAT 125GRPOTE 125 GRAMOS,Gs   1.800,https://www.stock.com.py/images/thumbs/0187581_500.jpeg,28/12/23
Gelatinas,GELATINA SABOR FRUTILLA PARMALAT 125GR,Gs   1.800,https://www.stock.com.py/images/thumbs/0187580_500.jpeg,28/12/23
Gelatinas,GELATINA SABOR UVA PARMALAT 125GR,Gs   1.800,https://www.stock.com.py/images/thumbs/0187579_500.jpeg,28/12/23
Gelatinas,GELATINA DIET MANZANA VERDE 180GR LA PRADERA POTE,Gs   2.400,https://www.stock.com.py/images/thumbs/0173695_500.png,28/12/23
Gelatinas,GELATINA DIET DE FRUTILLA 180GR LA PRADERA POTE,Gs   2.400,https://www.stock.com.py/images/thumbs/0173694_500.png,28/12/23
Gelatinas,POSTRE GELATINA D/MANZANA VERDE 120GR LA PRADERA POTE ,Gs   2.000,https://www.stock.com.py/images/thumbs/0171867_500.png,28/12/23
Gelatinas,POSTRE GELATINA D/UVA 120GR LA PRADERA POT,Gs   2.000,https://www.stock.com.py/images/thumbs/0171865_500.png,28/12/23
Cocina,LICUADORA DE VASO 500W BS 4707 UFESA,Gs   296.900,https://www.stock.com.py/images/thumbs/0202895_500.jpeg,28/12/23
Cocina,CAFETERA DE GOTEO UFESA CG 7123,Gs   282.500,https://www.stock.com.py/images/thumbs/0202894_500.jpeg,28/12/23
Cocina,LICUADORA PERSONAL BS1500 UFESA,Gs   316.900,https://www.stock.com.py/images/thumbs/0202893_500.jpeg,28/12/23
Cocina,SANDWICHERA SW UFESA 7850,Gs   214.900,https://www.stock.com.py/images/thumbs/0202892_500.jpeg,28/12/23
Cocina,CAFETERA AUT DOLCE G MAQ.MOULINEX NEF M                x 1,Gs   1.330.000,https://www.stock.com.py/images/thumbs/0197934_500.jpeg,28/12/23
Cocina,UFESA TOSTADOR TT7485 DUO NEO,Gs   300.000,https://www.stock.com.py/images/thumbs/0197545_500.jpeg,28/12/23
Cocina,UFESA SANDWICHERA SW7870 DELISH,Gs   242.900,https://www.stock.com.py/images/thumbs/0197544_500.jpeg,28/12/23
Cocina,UFESA EXPRIMIDOR EX4934,Gs   161.450,https://www.stock.com.py/images/thumbs/0197541_500.jpeg,28/12/23
Cocina,UFESA HERVIDOR DE AGUA HA7910,Gs   402.900,https://www.stock.com.py/images/thumbs/0197537_500.jpeg,28/12/23
Cocina,UFESA SANDWICHERA SW7400,Gs   437.150,https://www.stock.com.py/images/thumbs/0197536_500.jpeg,28/12/23
Cocina,SANDWICHERA ELECTRICA PARA 2 PANES DAYO,Gs   139.900,https://www.stock.com.py/images/thumbs/0195864_500.jpeg,28/12/23
Cocina,MICROONDAS DIGITAL 28LT DAYO ,Gs   979.900,https://www.stock.com.py/images/thumbs/0195633_500.jpeg,28/12/23
Cocina,BATIDORA MANUAL DAYO S/E REF HB02,Gs   104.900,https://www.stock.com.py/images/thumbs/0188482_500.jpeg,28/12/23
Cocina,MAQUINA PARA HACER PAN DAYO ,Gs   699.900,https://www.stock.com.py/images/thumbs/0186890_500.jpeg,28/12/23
Cocina,"HERVIDORA ELECTRICA CELESTE DAYO 1,8LITROS",Gs   99.900,https://www.stock.com.py/images/thumbs/0186889_500.jpeg,28/12/23
Cocina,"HERVIDORA ELECTRICA ROSA DAYO 1,8LITROS",Gs   99.900,https://www.stock.com.py/images/thumbs/0186888_500.jpeg,28/12/23
Cocina,CAFETERA ELECTRICA DOBLE DAYO ,Gs   119.900,https://www.stock.com.py/images/thumbs/0186881_500.jpeg,28/12/23
Cocina,"LICUADORA ELECTRICA DE 1,5 LITROS DAYO",Gs   159.900,https://www.stock.com.py/images/thumbs/0186872_500.jpeg,28/12/23
Cocina,BATIDORA MANUAL C/BOWL DAYO 1529WB,Gs   157.900,https://www.stock.com.py/images/thumbs/0186299_500.png,28/12/23
De Frutos,AJO PORA EN MALLA X 3 MAXI ELECTRONET ,Gs   7.950,https://www.stock.com.py/images/thumbs/0207178_500.png,28/12/23
De Frutos,AJO PORA EN MALLA X 2 MAXI ELECTRONET,Gs   5.550,https://www.stock.com.py/images/thumbs/0207177_500.png,28/12/23
De Frutos,TOMATES CHERRY BOMBS DON BERNARDINO 300GR POT,Gs   21.450,https://www.stock.com.py/images/thumbs/0207176_500.jpeg,28/12/23
De Frutos,ZAPALLITO ITALIANO EN BANDEJA 1 KG,Gs   15.550,https://www.stock.com.py/images/thumbs/0206227_500.jpeg,28/12/23
De Frutos,LOCOTE ROJO IMPORTADO 1KG,Gs   44.300,https://www.stock.com.py/images/thumbs/0185564_500.jpeg,28/12/23
De Frutos,TOMATE SANTA CRUZ POR KILO,Gs   14.450,https://www.stock.com.py/images/thumbs/0167505_500.jpeg,28/12/23
De Frutos,ZAPALLITO DE TRONCO X KG,Gs   22.150,https://www.stock.com.py/images/thumbs/0167434_500.jpeg,28/12/23
De Frutos,PEPINO 1 KG NACIONAL,Gs   12.650,https://www.stock.com.py/images/thumbs/0167433_500.jpeg,28/12/23
De Frutos,CALABACITA 1 KG BRAZIL,Gs   13.300,https://www.stock.com.py/images/thumbs/0167432_500.jpeg,28/12/23
De Frutos,BERENJENA X KG,Gs   6.450,https://www.stock.com.py/images/thumbs/0167431_500.jpeg,28/12/23
De Frutos,ZAPALLITO 1 KG ITALIANO,Gs   13.550,https://www.stock.com.py/images/thumbs/0167427_500.jpeg,28/12/23
De Frutos,LOCOTE VERDE EXTRA EN BANDEJA,Gs   29.700,https://www.stock.com.py/images/thumbs/0167425_500.jpeg,28/12/23
De Frutos,LOCOTE 1 KG AMARILLO,Gs   56.350,https://www.stock.com.py/images/thumbs/0167423_500.jpeg,28/12/23
De Frutos,LOCOTE VERDE POR KILO,Gs   25.850,https://www.stock.com.py/images/thumbs/0167421_500.jpeg,28/12/23
De Frutos,TOMATE LISA 1 KG x 1,Gs   23.400,https://www.stock.com.py/images/thumbs/0167418_500.jpeg,28/12/23
De Frutos,AJO 3UND PORA MALLA,Gs   7.450,https://www.stock.com.py/images/thumbs/0163772_500.jpeg,28/12/23
De Frutos,AJO 2UND PORA MALLA,Gs   4.950,https://www.stock.com.py/images/thumbs/0163771_500.jpeg,28/12/23
De Frutos,ZAPALLO 1 KG NACIONAL,Gs   5.050,https://www.stock.com.py/images/thumbs/0163758_500.jpeg,28/12/23
De Frutos,AJI ROJO POR KILO,Gs   27.850,https://www.stock.com.py/images/thumbs/0163162_500.png,28/12/23
De Frutos,AJO A GRANEL,Gs   2.750,https://www.stock.com.py/images/thumbs/0163149_500.png,28/12/23
De Frutos,ZAPALLO BRASILERO POR KILO,Gs   4.800,https://www.stock.com.py/images/thumbs/0157663_500.jpeg,28/12/23
De Frutos,CALABAZA 1 KG,Gs   4.450,https://www.stock.com.py/images/thumbs/0138598_500.jpeg,28/12/23
De Frutos,TOMATE SANTA CRUZ EXTRA EN BANDEJA,Gs   16.600,https://www.stock.com.py/images/thumbs/0138381_500.jpeg,28/12/23
De Frutos,AJO EN MALLA X 2 LUDICA ,Gs   6.450,https://www.stock.com.py/images/thumbs/noDefaultImage_stock_500.gif,28/12/23
De Frutos,AJO EN MALLA X 3 LUDICA ,Gs   8.950,https://www.stock.com.py/images/thumbs/noDefaultImage_stock_500.gif,28/12/23
Jabones,JABON TOC MAR VANILLA TOUCH 3UN DE 125GR,Gs   16.900,https://www.stock.com.py/images/thumbs/0206478_500.jpeg,28/12/23
Jabones,JABON TOC MAR SWEET TEMPTATION 3UN 125GR,Gs   16.900,https://www.stock.com.py/images/thumbs/0206080_500.jpeg,28/12/23
Jabones,LACTOVIT MEN LACTOUREA 3 EN 1 GEL DE BA?O 500 ML,Gs   37.550,https://www.stock.com.py/images/thumbs/0205088_500.jpeg,28/12/23
Jabones,FARNESE JABON HIDRATANTE FLORES TROPICALES 90 GR,Gs   3.200,https://www.stock.com.py/images/thumbs/0205076_500.jpeg,28/12/23
Jabones,FARNESE JABON HIDRATANTE ERVA DOLCE 90 GR,Gs   3.200,https://www.stock.com.py/images/thumbs/0205073_500.jpeg,28/12/23
Jabones,FARNESE JABON HIDRATANTE FRUTOS ROJOS 90 GR,Gs   3.200,https://www.stock.com.py/images/thumbs/0205072_500.jpeg,28/12/23
Jabones,JABON TOC HUMECT C2 3X125GR EDIC ESPECIAL,Gs   60.000,https://www.stock.com.py/images/thumbs/0204993_500.jpeg,28/12/23
Jabones,LUX JABON CON GLICERINA JAZMIN CREMOSO 3 UNIDADES 125 GR,Gs   18.600,https://www.stock.com.py/images/thumbs/0204951_500.jpeg,28/12/23
Jabones,JABON DESMAQUIL MAKE OUT 100ML DERMACHEM,Gs   23.900,https://www.stock.com.py/images/thumbs/0204846_500.jpeg,28/12/23
Jabones,JABON LIQ FACIAL MAKE UP 100ML DERMACHEM,Gs   23.900,https://www.stock.com.py/images/thumbs/0204845_500.jpeg,28/12/23
Jabones,MAR ANTIBAC KIDS JABON DE TOCADOR 90 GR 3 UNIDADES,Gs   14.900,https://www.stock.com.py/images/thumbs/0203705_500.jpeg,28/12/23
Jabones,MAR JABON DE TOCADOR ROSAS Y CERAMIDAS 3 UNIDADES 125 GR,Gs   16.900,https://www.stock.com.py/images/thumbs/0203701_500.jpeg,28/12/23
Jabones,SIMOND-S DERMO CARE HIPOALERGENICO JABON EN GEL CON GLICERINA CREMOSO 750 ML,Gs   38.150,https://www.stock.com.py/images/thumbs/0203665_500.jpeg,28/12/23
Jabones,SIMOND-S DERMO CARE HIPOALERGENICO JABON EN GEL CON GLICERINA AVENA 750 ML,Gs   38.150,https://www.stock.com.py/images/thumbs/0203664_500.jpeg,28/12/23
Jabones,REXONA ANTITRANSPIRANTE AEROSOL ANTIBACTERIAL + INVISIBLE 150 ML,Gs   27.000,https://www.stock.com.py/images/thumbs/0203504_500.jpeg,28/12/23
Jabones,JABON DE TOCADOR C2 MAGICA ENERGIA 130 G,Gs   5.100,https://www.stock.com.py/images/thumbs/0203204_500.jpeg,28/12/23
Jabones,JABON TOC FLORES AMAR/MIEL SUSI 80GR,Gs   3.000,https://www.stock.com.py/images/thumbs/0203167_500.jpeg,28/12/23
Jabones,JABON TOC FLORES/ROSAS/CEREZAS SUSI 80GR,Gs   3.000,https://www.stock.com.py/images/thumbs/0203166_500.jpeg,28/12/23
Jabones,JABON TOC FLORES D/ALG Y LECHE SUSI 80GR,Gs   3.000,https://www.stock.com.py/images/thumbs/0203165_500.jpeg,28/12/23
Jabones,GEL DE DUCHA 400ML MAJA CLASICA FCO,Gs   45.500,https://www.stock.com.py/images/thumbs/0202385_500.jpeg,28/12/23
Jabones,JABON LIQUIDO CORPORAL NUTRICION INDULGENTE DOVE 250ML,Gs   21.700,https://www.stock.com.py/images/thumbs/0201886_500.jpeg,28/12/23
Jabones,PLUSBELLE ENERGIA JABON DE TOCADOR GUARANA Y FLOR CAPUCHINA 120 GR,Gs   5.900,https://www.stock.com.py/images/thumbs/0201817_500.jpeg,28/12/23
Jabones,JABON LIQ HIG/ORQ PALMOLIVE LUM OILS 250,Gs   19.750,https://www.stock.com.py/images/thumbs/0201686_500.jpeg,28/12/23
Jabones,JABÓN LIQUIDO DAILY PINK ROSE CON DOSIFICADOR 1LT,Gs   29.000,https://www.stock.com.py/images/thumbs/0201253_500.jpeg,28/12/23
Jabones,JABÓN LIQUIDO DAILY CITRUS SUN CON DOSIFICADOR 1LT,Gs   29.000,https://www.stock.com.py/images/thumbs/0201252_500.jpeg,28/12/23
Jabones,JABÓN LIQUIDO DAILY BLUE OCEAN CON DOSIFICADOR 1LT,Gs   29.000,https://www.stock.com.py/images/thumbs/0201251_500.jpeg,28/12/23
Jabones,JABÓN LIQUIDO DAILY CITRUS SUN CON DOSIFICADOR 350ML,Gs   16.100,https://www.stock.com.py/images/thumbs/0201247_500.jpeg,28/12/23
Jabones,JABÓN LIQUIDO DAILY PINK ROSE CON DOSIFICADOR 350ml,Gs   16.100,https://www.stock.com.py/images/thumbs/0201243_500.jpeg,28/12/23
Rejillas/Trapos de Piso,PAÑO ESPONJA 18X20CM SCOCH BRITE PLA,Gs   10.500,https://www.stock.com.py/images/thumbs/0198051_500.jpeg,28/12/23
Rejillas/Trapos de Piso,PAÑO MULTIUSO PULOIL 1UNID,Gs   8.400,https://www.stock.com.py/images/thumbs/0195163_500.jpeg,28/12/23
Rejillas/Trapos de Piso,PAÑO ESPONJA 2UN LIMPPANO BLIS,Gs   14.900,https://www.stock.com.py/images/thumbs/0193537_500.jpeg,28/12/23
Rejillas/Trapos de Piso,PAÑO MULTIUSO ROLLO ROSA LIMPPANO 1UN BLIS,Gs   14.500,https://www.stock.com.py/images/thumbs/0193536_500.jpeg,28/12/23
Rejillas/Trapos de Piso,PAÑO ABS.LAVAMAS *UN ,Gs   6.150,https://www.stock.com.py/images/thumbs/0191837_500.jpeg,28/12/23
Rejillas/Trapos de Piso,TRAPO P/PISO BICOLOR REFORZADO G 58X60CM MEDIA NARANJA ,Gs   10.550,https://www.stock.com.py/images/thumbs/0191083_500.jpeg,28/12/23
Rejillas/Trapos de Piso,TRAPO P/PISO BLANCO REFORZADO XG 60X80CM MEDIA NARANJA ,Gs   12.200,https://www.stock.com.py/images/thumbs/0191082_500.jpeg,28/12/23
Rejillas/Trapos de Piso,TRAPO P/ PISO GRIS REFORZADO XG 60X80CM MEDIA NARANJA ,Gs   10.600,https://www.stock.com.py/images/thumbs/0191081_500.jpeg,28/12/23
Rejillas/Trapos de Piso,REPASADOR P/ COCINA IW REF CY16002 ,Gs   11.000,https://www.stock.com.py/images/thumbs/0189518_500.jpeg,28/12/23
Rejillas/Trapos de Piso,PAÑO DE LIMPIEZA EN ROLLO 21x29CM DAYO 25UNID,Gs   10.900,https://www.stock.com.py/images/thumbs/0188041_500.jpeg,28/12/23
Rejillas/Trapos de Piso,PAÑO MULTIUSO PARA LIMPIEZA 33x55CM DAYO 5UNID,Gs   6.600,https://www.stock.com.py/images/thumbs/0188040_500.jpeg,28/12/23
Rejillas/Trapos de Piso,TRAPO DE PISO EDES 1 UN BL,Gs   8.100,https://www.stock.com.py/images/thumbs/0177959_500.jpeg,28/12/23
Rejillas/Trapos de Piso,TRAPO DE PISO EDES 1 UN GR,Gs   7.700,https://www.stock.com.py/images/thumbs/0177958_500.jpeg,28/12/23
Rejillas/Trapos de Piso,TRAPO DE PISO EDES 1 UN BL,Gs   5.650,https://www.stock.com.py/images/thumbs/0177948_500.jpeg,28/12/23
Rejillas/Trapos de Piso,TRAPO DE PISO ECONOMICO LAVA 1000 45CM X 50CM,Gs   4.300,https://www.stock.com.py/images/thumbs/0176866_500.jpeg,28/12/23
Rejillas/Trapos de Piso,PAÑO P/VIDRIOS R 4951 30x40 ESFREBOM BSA,Gs   26.150,https://www.stock.com.py/images/thumbs/0176642_500.jpeg,28/12/23
Rejillas/Trapos de Piso,TRAP.D/PISO JASPE 1 UN,Gs   32.000,https://www.stock.com.py/images/thumbs/0176484_500.jpeg,28/12/23
Rejillas/Trapos de Piso,REJILLA PAÑOLIN CRUDA (MEDIDA),Gs   3.550,https://www.stock.com.py/images/thumbs/0175686_500.jpeg,28/12/23
Rejillas/Trapos de Piso,REJILLA PAÑOLIN BLANCA (MEDIDA),Gs   3.900,https://www.stock.com.py/images/thumbs/0175685_500.jpeg,28/12/23
Rejillas/Trapos de Piso,TRAPO DE PISO PAÑOLIN ESPECIAL 45x70,Gs   8.650,https://www.stock.com.py/images/thumbs/0175683_500.jpeg,28/12/23
Rejillas/Trapos de Piso,TRAPO DE PISO PAÑOLIN45X70,Gs   7.250,https://www.stock.com.py/images/thumbs/0175682_500.jpeg,28/12/23
Rejillas/Trapos de Piso,TRAPO DE PISO PAÑOLIN 45X50,Gs   5.300,https://www.stock.com.py/images/thumbs/0175681_500.jpeg,28/12/23
Rejillas/Trapos de Piso,TRAPO DE PISO RENDIDOR 45x60CM PULOIL ,Gs   7.900,https://www.stock.com.py/images/thumbs/0175037_500.jpeg,28/12/23
Rejillas/Trapos de Piso,TRAPO DE PISO SUPER PREMIUM 45x70CM PULOIL,Gs   13.100,https://www.stock.com.py/images/thumbs/0175036_500.jpeg,28/12/23
Rejillas/Trapos de Piso,PAÑO MULTIUSO PULOIL 3UNID,Gs   23.000,https://www.stock.com.py/images/thumbs/0175029_500.jpeg,28/12/23
Rejillas/Trapos de Piso,REJILLA AMITA 1 UN,Gs   4.500,https://www.stock.com.py/images/thumbs/0172878_500.png,28/12/23
Rejillas/Trapos de Piso,PAÑO POLIFOAM ABSORVENTE MULTIUSO 2X1,Gs   8.100,https://www.stock.com.py/images/thumbs/0166077_500.jpeg,28/12/23
Rejillas/Trapos de Piso,TRAPO DE PISO PABILO GRANDE POLIFOAM 70X45,Gs   9.200,https://www.stock.com.py/images/thumbs/0166067_500.jpeg,28/12/23
Pañuelos/Esponjas,PAN?UELOS DE PAPEL ELITE 90 UN,Gs   12.000,https://www.stock.com.py/images/thumbs/0206768_500.jpeg,28/12/23
Pañuelos/Esponjas,PAÑUELO DESECHABLE KLEENEX 60UNID,Gs   15.600,https://www.stock.com.py/images/thumbs/0206120_500.jpeg,28/12/23
Pañuelos/Esponjas,PACK DE PAÑUELOS DESECHABLE KLEENEX 4UNID,Gs   8.600,https://www.stock.com.py/images/thumbs/0206117_500.jpeg,28/12/23
Pañuelos/Esponjas,ELITE PA?UELOS DE PAPEL DOBLE HOJA 75 UNIDADES,Gs   9.900,https://www.stock.com.py/images/thumbs/0200730_500.jpeg,28/12/23
Pañuelos/Esponjas,ELITE PA?UELOS DE PAPEL DOBLE HOJA CON DISE?OS 50 UNIDADES,Gs   7.900,https://www.stock.com.py/images/thumbs/0200729_500.jpeg,28/12/23
Pañuelos/Esponjas,CEPILLO PARA DUCHA PULOIL 1UNID,Gs   25.000,https://www.stock.com.py/images/thumbs/0194924_500.jpeg,28/12/23
Pañuelos/Esponjas,ESTOPA HIDROFILA GRANDE 250GR,Gs   9.450,https://www.stock.com.py/images/thumbs/0175701_500.jpeg,28/12/23
Pañuelos/Esponjas,PAÑUELOS TRIPLE HOJA MENTA ELITE 1x10UNID,Gs   2.800,https://www.stock.com.py/images/thumbs/0174996_500.jpeg,28/12/23
Pañuelos/Esponjas,PAÑUELOS TRIPLE HOJA ELITE 60UNID,Gs   13.300,https://www.stock.com.py/images/thumbs/0174993_500.jpeg,28/12/23
Pañuelos/Esponjas,PAÑUELOS DESECHABLES TRIPLE HOJA ELITE 10UNID,Gs   2.800,https://www.stock.com.py/images/thumbs/0174935_500.jpeg,28/12/23
Pañuelos/Esponjas,ESTOPA GREEN COTTON CHICO,Gs   8.700,https://www.stock.com.py/images/thumbs/0158311_500.jpeg,28/12/23
Pañuelos/Esponjas,PAÑUELO KISS DESECH CAJA 50 UN,Gs   6.350,https://www.stock.com.py/images/thumbs/0155669_500.jpeg,28/12/23
Pañuelos/Esponjas,PAÑUELO DESECHABLE KISS CAJA 100UN,Gs   11.750,https://www.stock.com.py/images/thumbs/0155656_500.jpeg,28/12/23
Pañuelos/Esponjas,PAÑUELOS SOFTY S CAJA 50 UN,Gs   7.900,https://www.stock.com.py/images/thumbs/0155493_500.jpeg,28/12/23
