Hornos, HORNO ELECTRICO 28 LTS DAYO REF DN28E ,Gs 499.900,https://www.stock.com.py/images/thumbs/0164706_500.jpeg,26/12/23
Legumbres,CHOCLO 1 KG DESGRANADO,Gs 17.700,https://www.stock.com.py/images/thumbs/0157658_500.jpeg,26/12/23
Legumbres,ARVEJA 1 KG,Gs 27.850,https://www.stock.com.py/images/thumbs/0157654_500.jpeg,26/12/23
Legumbres,CHAUCHA X MAZO,Gs 2.300,https://www.stock.com.py/images/thumbs/0138861_500.jpeg,26/12/23
Legumbres,CHOCLO DULCE EN BANDEJA,Gs 27.150,https://www.stock.com.py/images/thumbs/0138570_500.jpeg,26/12/23
Legumbres,POROTOS 1 KG PEKY,Gs 29.750,https://www.stock.com.py/images/thumbs/0138478_500.jpeg,26/12/23
Legumbres,POROTOS 1 KG MANTECA,Gs 56.950,https://www.stock.com.py/images/thumbs/0138477_500.jpeg,26/12/23
Legumbres,CHOCLO 1 UN ESPIGA,Gs 2.650,https://www.stock.com.py/images/thumbs/0138335_500.jpeg,26/12/23
Acces. Acero Inox.,MOLDE TRAMONTINA PARA PIZZA TEFL 20058/30 TF,Gs 53.200,https://www.stock.com.py/images/thumbs/0193119_500.jpeg,26/12/23
Acces. Acero Inox.,FORMA TRAMONTINA PARA TARTA 2126/24 TF,Gs 36.900,https://www.stock.com.py/images/thumbs/0193108_500.jpeg,26/12/23
Acces. Acero Inox.,TRAMONTINA CACEROLA CON MANGO LORETO N°16,Gs 128.700,https://www.stock.com.py/images/thumbs/0183009_500.jpeg,26/12/23
Acces. Acero Inox.,TRAMONTINA CACEROLA CON ASA LORETO N°20,Gs 190.400,https://www.stock.com.py/images/thumbs/0183008_500.jpeg,26/12/23
Acces. Acero Inox.,AFILADOR D/CUCHILLO S/E DAYO REF KN14805A ,Gs 12.900,https://www.stock.com.py/images/thumbs/0182792_500.jpeg,26/12/23
Acces. Acero Inox.,OLLA DE ALUMINIO NRO 24 IPACARAI BLIS,Gs 88.000,https://www.stock.com.py/images/thumbs/0181546_500.jpeg,26/12/23
Acces. Acero Inox.,CACEROLA DE ALUMINIO NRO 16 IPACARAI BLIS,Gs 55.300,https://www.stock.com.py/images/thumbs/0181545_500.jpeg,26/12/23
Acces. Acero Inox.,AFILADOR D/CUCHILLO S/E DAYO REF KN14815 ,Gs 9.900,https://www.stock.com.py/images/thumbs/0181515_500.jpeg,26/12/23
Finos Blancos,VINO SAUVIGNON BLANC 750ML CONCHA Y TORO EXPORTACION BOTELLA ,Gs 24.750,https://www.stock.com.py/images/thumbs/0205299_500.jpeg,26/12/23
Finos Blancos,VINO BLANCO SANTA JULIA CHENIN 355ML LAT,Gs 26.300,https://www.stock.com.py/images/thumbs/0203053_500.jpeg,26/12/23
Finos Blancos,VANITA PECORINO VINO BLANCO TERRE DI CHIETI 750 ML,Gs 110.000,https://www.stock.com.py/images/thumbs/0200882_500.jpeg,26/12/23
Finos Blancos,BRICCOTONDO MOSCATO D-ASTI 2020 VINO BLANCO 750 ML,Gs 123.350,https://www.stock.com.py/images/thumbs/0200864_500.jpeg,26/12/23
Finos Blancos,VICENTIN GRETA SALVAJE SEMILLON VINO BLANCO 750 ML,Gs 85.000,https://www.stock.com.py/images/thumbs/0199953_500.jpeg,26/12/23
Finos Blancos,CATENA CHARDONNAY VINO BLANCO 750 ML,Gs 155.850,https://www.stock.com.py/images/thumbs/0199899_500.jpeg,26/12/23
Finos Blancos,GOIVO DOC 2020 VINO BLANCO VERDE 750 ML,Gs 80.000,https://www.stock.com.py/images/thumbs/0199354_500.jpeg,26/12/23
Finos Blancos,VINO FIN BLANCO OTOÑO SAUVIG BLANC 750ML,Gs 65.000,https://www.stock.com.py/images/thumbs/0199226_500.png,26/12/23
Finos Blancos,SANGRE DE TORO VINO BLANCO SIN ALCOHOL 750 ML,Gs 95.000,https://www.stock.com.py/images/thumbs/0197494_500.jpeg,26/12/23
Finos Blancos,FREIXENET PINOT GRIGIO VINO BLANCO 750 ML,Gs 110.000,https://www.stock.com.py/images/thumbs/0197491_500.jpeg,26/12/23
Finos Blancos,LUIGI BOSCA DE SANGRE VINO BLANCO 750 ML,Gs 130.000,https://www.stock.com.py/images/thumbs/0196697_500.jpeg,26/12/23
Finos Blancos,VINO BLANCO DULCE COSECHA TARDIA NORTON 750ML,Gs 42.100,https://www.stock.com.py/images/thumbs/0196039_500.jpeg,26/12/23
Finos Blancos,VINO BLANCO DEVILS CASILLERO DEL DIABLO 750ML CONCHA Y TORO BOT,Gs 101.700,https://www.stock.com.py/images/thumbs/0191548_500.jpeg,26/12/23
Finos Blancos,VINO CHARDONNAY 2017 FELINO 750ML,Gs 112.500,https://www.stock.com.py/images/thumbs/0191445_500.jpeg,26/12/23
Finos Blancos,VINO FUSION MENTA LIMON VIBRA 750CC,Gs 11.000,https://www.stock.com.py/images/thumbs/0185397_500.jpeg,26/12/23
Finos Blancos,VINO BLANCO SAUVIGNON BLANC LUIGI BOSCA 750ML,Gs 81.000,https://www.stock.com.py/images/thumbs/0180617_500.jpeg,26/12/23
Finos Blancos,VINO LANCERS BLANCO 750 ML,Gs 40.000,https://www.stock.com.py/images/thumbs/0180587_500.jpeg,26/12/23
Finos Blancos,VINO LAS MORAS 750CC TTO VAR.MALBEC,Gs 32.000,https://www.stock.com.py/images/thumbs/0180076_500.jpeg,26/12/23
Finos Blancos,VINO LAS MORAS 750CC TTO VAR CAB.SA,Gs 32.000,https://www.stock.com.py/images/thumbs/0180075_500.jpeg,26/12/23
Finos Blancos,VINO BLANCO DADA HONEY 6 DE FINCA LAS MORAS 750ML BOT,Gs 45.000,https://www.stock.com.py/images/thumbs/0180055_500.jpeg,26/12/23
Finos Blancos,VINO ALMA MORA 750CC BCO PINOT GRIG,Gs 40.000,https://www.stock.com.py/images/thumbs/0180018_500.jpeg,26/12/23
Finos Blancos,VINO BLANCO SAU/BLANC 750ML VIÑA MAIPO BOT ,Gs 33.500,https://www.stock.com.py/images/thumbs/0179927_500.jpeg,26/12/23
Finos Blancos,VINO BLANCO SANTA JULIA CHENIN DULCE NATURAL BOTELLA 750ML,Gs 56.000,https://www.stock.com.py/images/thumbs/0179895_500.jpeg,26/12/23
Finos Blancos,VINO SANTA JULIA SAUVIGNON BLANCO,Gs 50.600,https://www.stock.com.py/images/thumbs/0179886_500.jpeg,26/12/23
Finos Blancos,VINO BENJAMIN NIETO SENETINER,Gs 39.000,https://www.stock.com.py/images/thumbs/0179861_500.jpeg,26/12/23
Finos Blancos,VINO SAUVIGNON TRAPICHE BOTELLA 75,Gs 34.000,https://www.stock.com.py/images/thumbs/0173473_500.png,26/12/23
Finos Blancos,VINO BLANCO SANTA HELENA BOTELLA 7,Gs 23.900,https://www.stock.com.py/images/thumbs/0169252_500.jpeg,26/12/23
Finos Blancos,VINO SIGLO DE ORO SAUVIGNON SA,Gs 45.500,https://www.stock.com.py/images/thumbs/0169249_500.jpeg,26/12/23
Fideo/Lasaña/Pasta,FIDEO INSTANTANEO SAB/POLLO NORTE 74.3GR,Gs 3.850,https://www.stock.com.py/images/thumbs/0207370_500.jpeg,26/12/23
Fideo/Lasaña/Pasta,FIDEO INSTANTANEO SAB/CARNE NORTE 74.3GR,Gs 3.850,https://www.stock.com.py/images/thumbs/0207369_500.jpeg,26/12/23
Fideo/Lasaña/Pasta,FIDEO SPAGUETTI NIDO 400GR MONARCA PAQ,Gs 4.850,https://www.stock.com.py/images/thumbs/0206309_500.jpeg,26/12/23
Fideo/Lasaña/Pasta,CAROZZI FIDEOS CARACOQUESOS SABOR PIZZA 296 GR,Gs 26.350,https://www.stock.com.py/images/thumbs/0206109_500.jpeg,26/12/23
Fideo/Lasaña/Pasta,FIDEOS FORATTINI BIANCA 400GR,Gs 4.000,https://www.stock.com.py/images/thumbs/0205739_500.jpeg,26/12/23
Fideo/Lasaña/Pasta,FEDERAL INTEGRAL FIDEOS FETTUCCINE 400 GR,Gs 6.850,https://www.stock.com.py/images/thumbs/0204805_500.jpeg,26/12/23
Fideo/Lasaña/Pasta,FIDEO SPAG PASTIFICIO G. DI MARTINO 500G,Gs 21.000,https://www.stock.com.py/images/thumbs/0204678_500.jpeg,26/12/23
Fideo/Lasaña/Pasta,PASTAS SECAS SALSA D/QUESOS ANITA 300G,Gs 10.950,https://www.stock.com.py/images/thumbs/0204543_500.jpeg,26/12/23
Fideo/Lasaña/Pasta,FEDERAL INTEGRAL FIDEOS SPAGUETTI 400 GR,Gs 6.850,https://www.stock.com.py/images/thumbs/0204510_500.jpeg,26/12/23
Fideo/Lasaña/Pasta,FEDERAL INTEGRAL FIDEOS TIRABUZON 400 GR,Gs 6.850,https://www.stock.com.py/images/thumbs/0204508_500.jpeg,26/12/23
Fideo/Lasaña/Pasta,FIDEO CARACOLITO 400GR MONARCA PAQ,Gs 4.850,https://www.stock.com.py/images/thumbs/0204507_500.jpeg,26/12/23
Fideo/Lasaña/Pasta,FIDEO NIDO PARAGUAYITA 400GR MONARCA PAQ,Gs 4.850,https://www.stock.com.py/images/thumbs/0204506_500.jpeg,26/12/23
Fideo/Lasaña/Pasta,NORTE FIDEO TALLARIN LAMINADO FINO 400 GR,Gs 4.900,https://www.stock.com.py/images/thumbs/0203743_500.jpeg,26/12/23
Fideo/Lasaña/Pasta,PASTA MULTICEREAL WAKAS GLUTEN FREE 250G,Gs 22.000,https://www.stock.com.py/images/thumbs/0203637_500.jpeg,26/12/23
Fideo/Lasaña/Pasta,FIDEO TORTIG PASTIFICIO G.DI MARTINO 500,Gs 21.000,https://www.stock.com.py/images/thumbs/0203548_500.jpeg,26/12/23
Fideo/Lasaña/Pasta,FIDEO LINGU PASTIFICIO G.DI MARTINO 500G,Gs 21.000,https://www.stock.com.py/images/thumbs/0203546_500.jpeg,26/12/23
Fideo/Lasaña/Pasta,MORIXE FIDEO MOSTACHOL 500 GR,Gs 8.450,https://www.stock.com.py/images/thumbs/0203469_500.jpeg,26/12/23
Fideo/Lasaña/Pasta,MORIXE FIDEO TIRABUZON 500 GR,Gs 8.450,https://www.stock.com.py/images/thumbs/0203468_500.jpeg,26/12/23
Fideo/Lasaña/Pasta,FIDEOS D/ARROZ SPAGHETTI STAR LION 200GR,Gs 17.350,https://www.stock.com.py/images/thumbs/0202906_500.jpeg,26/12/23
Fideo/Lasaña/Pasta,FIDEOS FETTUCCINE N 303 DE CECCO 500GR,Gs 54.500,https://www.stock.com.py/images/thumbs/0202815_500.jpeg,26/12/23
Fideo/Lasaña/Pasta,FIDEOS PENNE RIGATE N 41 DE CECCO 400GR,Gs 41.100,https://www.stock.com.py/images/thumbs/0202813_500.jpeg,26/12/23
Fideo/Lasaña/Pasta,FIDEO SPAGHETTI N12 DE CECCO 400GR,Gs 39.800,https://www.stock.com.py/images/thumbs/0202812_500.jpeg,26/12/23
Fideo/Lasaña/Pasta,FIDEOS NIDO CINTA BIANCA 400GR,Gs 4.000,https://www.stock.com.py/images/thumbs/0202009_500.jpeg,26/12/23
Fideo/Lasaña/Pasta,FIDEOS GALO SPAGUETTI PAQUETE 500,Gs 4.850,https://www.stock.com.py/images/thumbs/0201529_500.png,26/12/23
Fideo/Lasaña/Pasta,FIDEO GALO DE SEMOLA CARACOLINO,Gs 4.850,https://www.stock.com.py/images/thumbs/0201528_500.png,26/12/23
Fideo/Lasaña/Pasta,FIDEO GALO DE SEMOLA PENA,Gs 4.850,https://www.stock.com.py/images/thumbs/0201527_500.png,26/12/23
Fideo/Lasaña/Pasta,FIDEO GALO DE SEMOLA PARAFUSO,Gs 4.850,https://www.stock.com.py/images/thumbs/0201526_500.png,26/12/23
Fideo/Lasaña/Pasta,FIDEO GALO DE SEMOLA AVE MARIA,Gs 4.850,https://www.stock.com.py/images/thumbs/0201525_500.png,26/12/23
Alimentación,CHUPETE ANATOMICO T3 BABELITO,Gs 10.800,https://www.stock.com.py/images/thumbs/0206298_500.jpeg,26/12/23
Alimentación,CHUPETE ANATOMICO T2 BABELITO,Gs 10.800,https://www.stock.com.py/images/thumbs/0206297_500.jpeg,26/12/23
Alimentación,CHUPETE ANATOMICO T1 BABELITO,Gs 10.800,https://www.stock.com.py/images/thumbs/0206296_500.jpeg,26/12/23
Alimentación,"CHUPETE ""BABELITO"" RED.LATEX C/CAPUC.Nº1",Gs 11.600,https://www.stock.com.py/images/thumbs/0206294_500.jpeg,26/12/23
Alimentación,BIBERON BOCA ESTANDAR COL.VERDE 250ML BABELITO BLIS,Gs 18.000,https://www.stock.com.py/images/thumbs/0206292_500.jpeg,26/12/23
Alimentación,VASO CON TAPA NEOPAN AZUL 140 ML,Gs 21.400,https://www.stock.com.py/images/thumbs/0204058_500.jpeg,26/12/23
Alimentación,CHUPETE NEOPAN AZUL NEOPAN,Gs 18.400,https://www.stock.com.py/images/thumbs/0204055_500.jpeg,26/12/23
Alimentación,CHUPETE NEOPAN LILA,Gs 18.400,https://www.stock.com.py/images/thumbs/0204053_500.jpeg,26/12/23
Alimentación,CHUPETE NEOPAN LILA,Gs 17.600,https://www.stock.com.py/images/thumbs/0204052_500.jpeg,26/12/23
Alimentación,CHUPETE NEOPAN ROSA,Gs 10.900,https://www.stock.com.py/images/thumbs/0204051_500.jpeg,26/12/23
Alimentación,CHUPETE NEOPAN AZUL,Gs 10.900,https://www.stock.com.py/images/thumbs/0204048_500.jpeg,26/12/23
Alimentación,CHUPETE NEOPAN ROJO,Gs 16.800,https://www.stock.com.py/images/thumbs/0204045_500.jpeg,26/12/23
Alimentación,BIBERON ROSADO NEOPAN 240 ML,Gs 19.500,https://www.stock.com.py/images/thumbs/0204041_500.jpeg,26/12/23
Alimentación,BIBERON AZUL NEOPAN 240 ML,Gs 20.000,https://www.stock.com.py/images/thumbs/0204040_500.jpeg,26/12/23
Alimentación,BIBERON ROSADO NEOPAN 130 ML,Gs 37.600,https://www.stock.com.py/images/thumbs/0204033_500.jpeg,26/12/23
Alimentación,TETINA NEOPAN DE SILICONA,Gs 19.500,https://www.stock.com.py/images/thumbs/0204032_500.jpeg,26/12/23
Alimentación,TETINA NEOPAN DE SILICONA,Gs 19.500,https://www.stock.com.py/images/thumbs/0204031_500.jpeg,26/12/23
Alimentación,"TETINA ""NEOPAN"" DE SILICONA REF 1272",Gs 16.800,https://www.stock.com.py/images/thumbs/0204029_500.jpeg,26/12/23
Alimentación,"TETINA ""NEOPAN"" DE SILICONA REF 1271",Gs 15.600,https://www.stock.com.py/images/thumbs/0204028_500.jpeg,26/12/23
Alimentación,ALMOHADA DECORATIVA BABY STAR,Gs 50.700,https://www.stock.com.py/images/thumbs/0203939_500.jpeg,26/12/23
Alimentación,BABERO PARA BEBE BABY STAR,Gs 50.500,https://www.stock.com.py/images/thumbs/0203937_500.jpeg,26/12/23
Alimentación,ALMOHADITA LUNA BABY STAR,Gs 50.900,https://www.stock.com.py/images/thumbs/0203936_500.jpeg,26/12/23
Alimentación,ALMOHADITA REDONDA BABY STAR,Gs 50.700,https://www.stock.com.py/images/thumbs/0203935_500.jpeg,26/12/23
Alimentación,TOALLITA PARA BEBE BABY STAR,Gs 42.300,https://www.stock.com.py/images/thumbs/0203933_500.jpeg,26/12/23
Alimentación,PEKE-S CAMBIADOR PARA BEBE AZUL,Gs 44.550,https://www.stock.com.py/images/thumbs/0203300_500.jpeg,26/12/23
Alimentación,"CHUPETE ""BABELITO"" RED.LATEX S/CAPUCHON",Gs 9.000,https://www.stock.com.py/images/thumbs/0203086_500.jpeg,26/12/23
Alimentación,BABELITO BIBERON BOCA ANCHA 6+M TAM 2 DE 300 ML,Gs 53.500,https://www.stock.com.py/images/thumbs/0203085_500.jpeg,26/12/23
Alimentación,BIBERON C/TET SIL 125ML N1 BABELITO CJA,Gs 24.200,https://www.stock.com.py/images/thumbs/0203084_500.jpeg,26/12/23
Esmalte/Quitaesmalte,ESMALTE P/UN?AS 3UN NEW COLOR 12ML PACK,Gs 15.350,https://www.stock.com.py/images/thumbs/0207413_500.jpeg,26/12/23
Esmalte/Quitaesmalte,ESMALTE P/UN?AS CAREY 9 FREE  076 LIMA 9M,Gs 4.150,https://www.stock.com.py/images/thumbs/0207412_500.jpeg,26/12/23
Esmalte/Quitaesmalte,ESMALTE P/UN?AS VEGANO NEW COLOR 12ML,Gs 5.150,https://www.stock.com.py/images/thumbs/0207411_500.jpeg,26/12/23
Esmalte/Quitaesmalte,ESMALTE P/UN?AS VEGANO NEW COLOR  12ML,Gs 5.150,https://www.stock.com.py/images/thumbs/0207410_500.jpeg,26/12/23
Esmalte/Quitaesmalte,ESMALTE P/UN?AS VEGANO NEW COLOR 12ML,Gs 5.150,https://www.stock.com.py/images/thumbs/0207409_500.jpeg,26/12/23
Esmalte/Quitaesmalte,ESMALTE NEW COLOR PARA UNAS MY Nº406,Gs 5.150,https://www.stock.com.py/images/thumbs/0204999_500.jpeg,26/12/23
Esmalte/Quitaesmalte,QUITAESMALTE ALGABO FORTALECEDOR 100ML FCO C/LIMA,Gs 10.000,https://www.stock.com.py/images/thumbs/0204937_500.jpeg,26/12/23
Esmalte/Quitaesmalte,ESMALTE RISQUE RENDAS RENDHINA 1UN.,Gs 10.000,https://www.stock.com.py/images/thumbs/0203996_500.jpeg,26/12/23
Esmalte/Quitaesmalte,ESMALTE RISQUE TRATAMIENTO HOMEN SEMI 1UN,Gs 10.000,https://www.stock.com.py/images/thumbs/0203992_500.jpeg,26/12/23
Esmalte/Quitaesmalte,ESMALTE RISQUE TRATAMIENTO HOMEN FOSCA,Gs 10.000,https://www.stock.com.py/images/thumbs/0203991_500.jpeg,26/12/23
Esmalte/Quitaesmalte,ESMALTE RISQUE NATURAL CONDENSA 1UN.,Gs 10.000,https://www.stock.com.py/images/thumbs/0203987_500.jpeg,26/12/23
Esmalte/Quitaesmalte,QUITAESMALTE OLEOSO TURQSA 65ML SABELLE,Gs 3.850,https://www.stock.com.py/images/thumbs/0203213_500.jpeg,26/12/23
Esmalte/Quitaesmalte,ESMALTE NEW COLOR PARA UÑAS ANTISEPTI 809,Gs 5.150,https://www.stock.com.py/images/thumbs/0202486_500.jpeg,26/12/23
Esmalte/Quitaesmalte,NC NEWCOLOR QUITA ESMALTE CON ACEITE DE ARGAN 140 ML,Gs 8.950,https://www.stock.com.py/images/thumbs/0196972_500.jpeg,26/12/23
Esmalte/Quitaesmalte,NC NEWCOLOR QUITA ESMALTE CON PANTENOL 140 ML,Gs 8.950,https://www.stock.com.py/images/thumbs/0196971_500.jpeg,26/12/23
Esmalte/Quitaesmalte,NC NEWCOLOR QUITA ESMALTE CON VITAMINA A 75 ML,Gs 5.600,https://www.stock.com.py/images/thumbs/0196970_500.jpeg,26/12/23
Esmalte/Quitaesmalte,NC NEWCOLOR QUITA ESMALTE CON VITAMINA E 75 ML,Gs 5.600,https://www.stock.com.py/images/thumbs/0196969_500.jpeg,26/12/23
Esmalte/Quitaesmalte,NC NEWCOLOR QUITA ESMALTE CON PANTENOL 75 ML,Gs 5.600,https://www.stock.com.py/images/thumbs/0196967_500.jpeg,26/12/23
Esmalte/Quitaesmalte,SELLADOR DE ESMALTE CAREY,Gs 6.250,https://www.stock.com.py/images/thumbs/0185830_500.jpeg,26/12/23
Esmalte/Quitaesmalte,ESMALTE TRATAMIENTO OLEO SECANTE CAREY,Gs 4.150,https://www.stock.com.py/images/thumbs/0185829_500.jpeg,26/12/23
Esmalte/Quitaesmalte,ESMALTE TRATAMIENTO SUPER BRILLO CAREY,Gs 4.150,https://www.stock.com.py/images/thumbs/0185828_500.jpeg,26/12/23
Esmalte/Quitaesmalte,ESMALTE TRATAMIENTO BASE FORTALECEDORA 3D CAREY,Gs 4.150,https://www.stock.com.py/images/thumbs/0185827_500.jpeg,26/12/23
Esmalte/Quitaesmalte,ESMALTE TRATAMIENTO BASE FORTALECEDORA CAREY,Gs 4.150,https://www.stock.com.py/images/thumbs/0185826_500.jpeg,26/12/23
Esmalte/Quitaesmalte,ESMALTE TRATAMIENTO BRILLO ULTRAVIOLETA CAREY,Gs 4.150,https://www.stock.com.py/images/thumbs/0185825_500.jpeg,26/12/23
Esmalte/Quitaesmalte,ESMALTE TRATAMIENTO BASE FORTALECEDORA PLUS CAREY,Gs 4.150,https://www.stock.com.py/images/thumbs/0185824_500.jpeg,26/12/23
Esmalte/Quitaesmalte,ESMALTE TRATAMIENTO BASE BLANQUEADORA CAREY,Gs 4.150,https://www.stock.com.py/images/thumbs/0185823_500.jpeg,26/12/23
Esmalte/Quitaesmalte,QUITAESMALTE REPARADOR CAREY 65ml,Gs 4.450,https://www.stock.com.py/images/thumbs/0185821_500.jpeg,26/12/23
Esmalte/Quitaesmalte,QUITAESMALTE REPARADOR CAREY 120ml,Gs 8.100,https://www.stock.com.py/images/thumbs/0185820_500.jpeg,26/12/23
Aderezos/Salsas,SALSA CARACOQUESOS CAROZZI 200GR,Gs 11.950,https://www.stock.com.py/images/thumbs/0207073_500.jpeg,26/12/23
Aderezos/Salsas,HELLMANN-S SALSA GOLF 250 GR,Gs 11.200,https://www.stock.com.py/images/thumbs/0203606_500.jpeg,26/12/23
Aderezos/Salsas,SALSA BARBACOA ORIGINAL HEINZ 606GR,Gs 68.000,https://www.stock.com.py/images/thumbs/0202913_500.jpeg,26/12/23
Aderezos/Salsas,SALSA SWEET RELISH HEINZ 375ML,Gs 35.000,https://www.stock.com.py/images/thumbs/0202912_500.jpeg,26/12/23
Aderezos/Salsas,SALSA BRAVA PICANTE CHOVI 265GR,Gs 13.950,https://www.stock.com.py/images/thumbs/0202879_500.jpeg,26/12/23
Aderezos/Salsas,SALSA PARA PIZZA CON ESPECIAS MUTTI 400G,Gs 18.150,https://www.stock.com.py/images/thumbs/0202843_500.jpeg,26/12/23
Aderezos/Salsas,SALSA P/PIZZA 320GR SABORES DE AREGUA DOY PACK,Gs 6.500,https://www.stock.com.py/images/thumbs/0201811_500.jpeg,26/12/23
Aderezos/Salsas,SALSA P/PIZZA SABORES DE AREGUA 200GR DOY PACK,Gs 4.800,https://www.stock.com.py/images/thumbs/0201810_500.jpeg,26/12/23
Aderezos/Salsas,SALSA LISTA PARA PIZZA KNORR 200GR,Gs 5.000,https://www.stock.com.py/images/thumbs/0195306_500.jpeg,26/12/23
Aderezos/Salsas,SALSA LISTA PARA PIZZA KNORR 340GR,Gs 6.150,https://www.stock.com.py/images/thumbs/0195303_500.jpeg,26/12/23
Aderezos/Salsas,SALSA PROVENZAL ARCO IRIS BOT X 900 ML,Gs 22.600,https://www.stock.com.py/images/thumbs/0192379_500.jpeg,26/12/23
Aderezos/Salsas,SALSA DE AJO TIPO CASERO DUL-CESAR 250ML,Gs 9.000,https://www.stock.com.py/images/thumbs/0191981_500.jpeg,26/12/23
Aderezos/Salsas,SALSA DE AJO TIPO CASERO DUL-CESAR 1LT,Gs 16.550,https://www.stock.com.py/images/thumbs/0191979_500.jpeg,26/12/23
Aderezos/Salsas,SALSA D/TOM PONTEVEDRA PRON PIZZA 520GR,Gs 8.000,https://www.stock.com.py/images/thumbs/0190809_500.jpeg,26/12/23
Aderezos/Salsas,SALSA BARBECUE AMERICANO KENKO 370GR,Gs 28.850,https://www.stock.com.py/images/thumbs/0187763_500.jpeg,26/12/23
Aderezos/Salsas,SALSA PARA PIZZA SUN 340GR,Gs 5.900,https://www.stock.com.py/images/thumbs/0185320_500.jpeg,26/12/23
Aderezos/Salsas,SALSA DE MOSTAZA DIJON ARCO IRIS BOT X 900 ML,Gs 27.200,https://www.stock.com.py/images/thumbs/0182357_500.jpeg,26/12/23
Aderezos/Salsas,SALSA P/ CARNE DE CERDO ARCO IRIS BOT X 900 ML,Gs 23.250,https://www.stock.com.py/images/thumbs/0182356_500.jpeg,26/12/23
Aderezos/Salsas,SALSA DE AJO ARCO IRIS BOT X 900 ML,Gs 20.000,https://www.stock.com.py/images/thumbs/0180887_500.jpeg,26/12/23
Aderezos/Salsas,SALSA PRONTO PIZZA PONTEVEDRA DOY 340GR,Gs 6.500,https://www.stock.com.py/images/thumbs/0179148_500.jpeg,26/12/23
Aderezos/Salsas,SALSA PARA PIZZA PONTEVEDRA 200GR,Gs 4.000,https://www.stock.com.py/images/thumbs/0179146_500.jpeg,26/12/23
Aderezos/Salsas,MOLHO CEPERA FRASCO 150 ML INGLES,Gs 5.900,https://www.stock.com.py/images/thumbs/0178927_500.jpeg,26/12/23
Aderezos/Salsas,SALSA PIZZA ARCOR 200GR DOYPACK,Gs 5.500,https://www.stock.com.py/images/thumbs/0178621_500.jpeg,26/12/23
Aderezos/Salsas,SALSA TOSCANA OLIVA CAROZZI BSA X200GR,Gs 9.500,https://www.stock.com.py/images/thumbs/0175850_500.jpeg,26/12/23
Aderezos/Salsas,SALSA TOSCANA ARRABBIATA CAROZZI BSA X200GR CAROZZI       x 24,Gs 9.500,https://www.stock.com.py/images/thumbs/0175849_500.jpeg,26/12/23
Aderezos/Salsas,SALSA TOSCANA AL PESTO CAROZZI BSA X200GR,Gs 9.500,https://www.stock.com.py/images/thumbs/0175848_500.jpeg,26/12/23
Aderezos/Salsas,SALSA TOSCANA BOLOGNESA CAROZZI BSA X200GR CAROZZI       x 24,Gs 9.500,https://www.stock.com.py/images/thumbs/0175847_500.jpeg,26/12/23
Aderezos/Salsas,SALSA DE AJO 150ML SUN FCO,Gs 5.500,https://www.stock.com.py/images/thumbs/0175445_500.jpeg,26/12/23
